"Initial_Coral","Fishing_Pressure","Final_Coral","iT","iC"
0,0,0.758619550189787,0.3,0.3
0.02,0,0.758619550189787,0.3,0.3
0.04,0,0.758619550189787,0.3,0.3
0.06,0,0.758619550189787,0.3,0.3
0.08,0,0.758619550189787,0.3,0.3
0.1,0,0.758619550189787,0.3,0.3
0.12,0,0.758619550189787,0.3,0.3
0.14,0,0.758619550189787,0.3,0.3
0.16,0,0.758619550189787,0.3,0.3
0.18,0,0.758619550189787,0.3,0.3
0.2,0,0.758619550189787,0.3,0.3
0.22,0,0.758619550189787,0.3,0.3
0.24,0,0.758619550189787,0.3,0.3
0.26,0,0.758619550189787,0.3,0.3
0.28,0,0.758619550189787,0.3,0.3
0.3,0,0.758619550189787,0.3,0.3
0.32,0,0.758619550189787,0.3,0.3
0.34,0,0.758619550189787,0.3,0.3
0.36,0,0.758619550189787,0.3,0.3
0.38,0,0.758619550189787,0.3,0.3
0.4,0,0.758619550189787,0.3,0.3
0.42,0,0.758619550189787,0.3,0.3
0.44,0,0.758619550189787,0.3,0.3
0.46,0,0.758619550189787,0.3,0.3
0.48,0,0.758619550189787,0.3,0.3
0.5,0,0.758619550189787,0.3,0.3
0.52,0,0.758619550189787,0.3,0.3
0.54,0,0.758619550189787,0.3,0.3
0.56,0,0.758619550189787,0.3,0.3
0.58,0,0.758619550189787,0.3,0.3
0.6,0,0.758619550189787,0.3,0.3
0.62,0,0.758619550189787,0.3,0.3
0.64,0,0.758619550189787,0.3,0.3
0.66,0,0.758619550189787,0.3,0.3
0.68,0,0.758619550189787,0.3,0.3
0.7,0,0.758619550189787,0.3,0.3
0.72,0,0.758619550189787,0.3,0.3
0.74,0,0.758619550189787,0.3,0.3
0.76,0,0.758619550189791,0.3,0.3
0.78,0,0.758619550189791,0.3,0.3
0.8,0,0.758619550189791,0.3,0.3
0.82,0,0.758619550189791,0.3,0.3
0.84,0,0.758619550189791,0.3,0.3
0,0.02,0.756369503664048,0.3,0.3
0.02,0.02,0.756369503664048,0.3,0.3
0.04,0.02,0.756369503664048,0.3,0.3
0.06,0.02,0.756369503664048,0.3,0.3
0.08,0.02,0.756369503664048,0.3,0.3
0.1,0.02,0.756369503664048,0.3,0.3
0.12,0.02,0.756369503664048,0.3,0.3
0.14,0.02,0.756369503664048,0.3,0.3
0.16,0.02,0.756369503664048,0.3,0.3
0.18,0.02,0.756369503664048,0.3,0.3
0.2,0.02,0.756369503664048,0.3,0.3
0.22,0.02,0.756369503664048,0.3,0.3
0.24,0.02,0.756369503664048,0.3,0.3
0.26,0.02,0.756369503664048,0.3,0.3
0.28,0.02,0.756369503664048,0.3,0.3
0.3,0.02,0.756369503664048,0.3,0.3
0.32,0.02,0.756369503664048,0.3,0.3
0.34,0.02,0.756369503664048,0.3,0.3
0.36,0.02,0.756369503664048,0.3,0.3
0.38,0.02,0.756369503664048,0.3,0.3
0.4,0.02,0.756369503664048,0.3,0.3
0.42,0.02,0.756369503664048,0.3,0.3
0.44,0.02,0.756369503664048,0.3,0.3
0.46,0.02,0.756369503664048,0.3,0.3
0.48,0.02,0.756369503664048,0.3,0.3
0.5,0.02,0.756369503664048,0.3,0.3
0.52,0.02,0.756369503664048,0.3,0.3
0.54,0.02,0.756369503664048,0.3,0.3
0.56,0.02,0.756369503664048,0.3,0.3
0.58,0.02,0.756369503664048,0.3,0.3
0.6,0.02,0.756369503664048,0.3,0.3
0.62,0.02,0.756369503664048,0.3,0.3
0.64,0.02,0.756369503664048,0.3,0.3
0.66,0.02,0.756369503664048,0.3,0.3
0.68,0.02,0.756369503664048,0.3,0.3
0.7,0.02,0.756369503664048,0.3,0.3
0.72,0.02,0.756369503664048,0.3,0.3
0.74,0.02,0.756369503664048,0.3,0.3
0.76,0.02,0.756369503664052,0.3,0.3
0.78,0.02,0.756369503664052,0.3,0.3
0.8,0.02,0.756369503664052,0.3,0.3
0.82,0.02,0.756369503664052,0.3,0.3
0.84,0.02,0.756369503664052,0.3,0.3
0,0.04,0.754001438922922,0.3,0.3
0.02,0.04,0.754001438922922,0.3,0.3
0.04,0.04,0.754001438922922,0.3,0.3
0.06,0.04,0.754001438922922,0.3,0.3
0.08,0.04,0.754001438922922,0.3,0.3
0.1,0.04,0.754001438922922,0.3,0.3
0.12,0.04,0.754001438922922,0.3,0.3
0.14,0.04,0.754001438922922,0.3,0.3
0.16,0.04,0.754001438922922,0.3,0.3
0.18,0.04,0.754001438922922,0.3,0.3
0.2,0.04,0.754001438922922,0.3,0.3
0.22,0.04,0.754001438922922,0.3,0.3
0.24,0.04,0.754001438922922,0.3,0.3
0.26,0.04,0.754001438922922,0.3,0.3
0.28,0.04,0.754001438922922,0.3,0.3
0.3,0.04,0.754001438922922,0.3,0.3
0.32,0.04,0.754001438922922,0.3,0.3
0.34,0.04,0.754001438922922,0.3,0.3
0.36,0.04,0.754001438922922,0.3,0.3
0.38,0.04,0.754001438922922,0.3,0.3
0.4,0.04,0.754001438922922,0.3,0.3
0.42,0.04,0.754001438922922,0.3,0.3
0.44,0.04,0.754001438922922,0.3,0.3
0.46,0.04,0.754001438922922,0.3,0.3
0.48,0.04,0.754001438922922,0.3,0.3
0.5,0.04,0.754001438922922,0.3,0.3
0.52,0.04,0.754001438922922,0.3,0.3
0.54,0.04,0.754001438922922,0.3,0.3
0.56,0.04,0.754001438922922,0.3,0.3
0.58,0.04,0.754001438922922,0.3,0.3
0.6,0.04,0.754001438922922,0.3,0.3
0.62,0.04,0.754001438922922,0.3,0.3
0.64,0.04,0.754001438922922,0.3,0.3
0.66,0.04,0.754001438922922,0.3,0.3
0.68,0.04,0.754001438922922,0.3,0.3
0.7,0.04,0.754001438922922,0.3,0.3
0.72,0.04,0.754001438922922,0.3,0.3
0.74,0.04,0.754001438922922,0.3,0.3
0.76,0.04,0.754001438922926,0.3,0.3
0.78,0.04,0.754001438922926,0.3,0.3
0.8,0.04,0.754001438922926,0.3,0.3
0.82,0.04,0.754001438922926,0.3,0.3
0.84,0.04,0.754001438922926,0.3,0.3
0,0.06,0.751505753972293,0.3,0.3
0.02,0.06,0.751505753972293,0.3,0.3
0.04,0.06,0.751505753972293,0.3,0.3
0.06,0.06,0.751505753972293,0.3,0.3
0.08,0.06,0.751505753972293,0.3,0.3
0.1,0.06,0.751505753972293,0.3,0.3
0.12,0.06,0.751505753972293,0.3,0.3
0.14,0.06,0.751505753972293,0.3,0.3
0.16,0.06,0.751505753972293,0.3,0.3
0.18,0.06,0.751505753972293,0.3,0.3
0.2,0.06,0.751505753972293,0.3,0.3
0.22,0.06,0.751505753972293,0.3,0.3
0.24,0.06,0.751505753972293,0.3,0.3
0.26,0.06,0.751505753972293,0.3,0.3
0.28,0.06,0.751505753972293,0.3,0.3
0.3,0.06,0.751505753972293,0.3,0.3
0.32,0.06,0.751505753972293,0.3,0.3
0.34,0.06,0.751505753972293,0.3,0.3
0.36,0.06,0.751505753972293,0.3,0.3
0.38,0.06,0.751505753972293,0.3,0.3
0.4,0.06,0.751505753972293,0.3,0.3
0.42,0.06,0.751505753972293,0.3,0.3
0.44,0.06,0.751505753972293,0.3,0.3
0.46,0.06,0.751505753972293,0.3,0.3
0.48,0.06,0.751505753972293,0.3,0.3
0.5,0.06,0.751505753972293,0.3,0.3
0.52,0.06,0.751505753972293,0.3,0.3
0.54,0.06,0.751505753972293,0.3,0.3
0.56,0.06,0.751505753972293,0.3,0.3
0.58,0.06,0.751505753972293,0.3,0.3
0.6,0.06,0.751505753972293,0.3,0.3
0.62,0.06,0.751505753972293,0.3,0.3
0.64,0.06,0.751505753972293,0.3,0.3
0.66,0.06,0.751505753972293,0.3,0.3
0.68,0.06,0.751505753972293,0.3,0.3
0.7,0.06,0.751505753972293,0.3,0.3
0.72,0.06,0.751505753972293,0.3,0.3
0.74,0.06,0.751505753972293,0.3,0.3
0.76,0.06,0.751505753972297,0.3,0.3
0.78,0.06,0.751505753972297,0.3,0.3
0.8,0.06,0.751505753972297,0.3,0.3
0.82,0.06,0.751505753972297,0.3,0.3
0.84,0.06,0.751505753972297,0.3,0.3
0,0.08,0.748871767436284,0.3,0.3
0.02,0.08,0.748871767436284,0.3,0.3
0.04,0.08,0.748871767436284,0.3,0.3
0.06,0.08,0.748871767436284,0.3,0.3
0.08,0.08,0.748871767436284,0.3,0.3
0.1,0.08,0.748871767436284,0.3,0.3
0.12,0.08,0.748871767436284,0.3,0.3
0.14,0.08,0.748871767436284,0.3,0.3
0.16,0.08,0.748871767436284,0.3,0.3
0.18,0.08,0.748871767436284,0.3,0.3
0.2,0.08,0.748871767436284,0.3,0.3
0.22,0.08,0.748871767436284,0.3,0.3
0.24,0.08,0.748871767436284,0.3,0.3
0.26,0.08,0.748871767436284,0.3,0.3
0.28,0.08,0.748871767436284,0.3,0.3
0.3,0.08,0.748871767436284,0.3,0.3
0.32,0.08,0.748871767436284,0.3,0.3
0.34,0.08,0.748871767436284,0.3,0.3
0.36,0.08,0.748871767436284,0.3,0.3
0.38,0.08,0.748871767436284,0.3,0.3
0.4,0.08,0.748871767436284,0.3,0.3
0.42,0.08,0.748871767436284,0.3,0.3
0.44,0.08,0.748871767436284,0.3,0.3
0.46,0.08,0.748871767436284,0.3,0.3
0.48,0.08,0.748871767436284,0.3,0.3
0.5,0.08,0.748871767436284,0.3,0.3
0.52,0.08,0.748871767436284,0.3,0.3
0.54,0.08,0.748871767436284,0.3,0.3
0.56,0.08,0.748871767436284,0.3,0.3
0.58,0.08,0.748871767436284,0.3,0.3
0.6,0.08,0.748871767436284,0.3,0.3
0.62,0.08,0.748871767436284,0.3,0.3
0.64,0.08,0.748871767436284,0.3,0.3
0.66,0.08,0.748871767436284,0.3,0.3
0.68,0.08,0.748871767436284,0.3,0.3
0.7,0.08,0.748871767436284,0.3,0.3
0.72,0.08,0.748871767436284,0.3,0.3
0.74,0.08,0.748871767436288,0.3,0.3
0.76,0.08,0.748871767436288,0.3,0.3
0.78,0.08,0.748871767436288,0.3,0.3
0.8,0.08,0.748871767436288,0.3,0.3
0.82,0.08,0.748871767436288,0.3,0.3
0.84,0.08,0.748871767436288,0.3,0.3
0,0.1,0.746087561124389,0.3,0.3
0.02,0.1,0.746087561124389,0.3,0.3
0.04,0.1,0.746087561124389,0.3,0.3
0.06,0.1,0.746087561124389,0.3,0.3
0.08,0.1,0.746087561124389,0.3,0.3
0.1,0.1,0.746087561124389,0.3,0.3
0.12,0.1,0.746087561124389,0.3,0.3
0.14,0.1,0.746087561124389,0.3,0.3
0.16,0.1,0.746087561124389,0.3,0.3
0.18,0.1,0.746087561124389,0.3,0.3
0.2,0.1,0.746087561124389,0.3,0.3
0.22,0.1,0.746087561124389,0.3,0.3
0.24,0.1,0.746087561124389,0.3,0.3
0.26,0.1,0.746087561124389,0.3,0.3
0.28,0.1,0.746087561124389,0.3,0.3
0.3,0.1,0.746087561124389,0.3,0.3
0.32,0.1,0.746087561124389,0.3,0.3
0.34,0.1,0.746087561124389,0.3,0.3
0.36,0.1,0.746087561124389,0.3,0.3
0.38,0.1,0.746087561124389,0.3,0.3
0.4,0.1,0.746087561124389,0.3,0.3
0.42,0.1,0.746087561124389,0.3,0.3
0.44,0.1,0.746087561124389,0.3,0.3
0.46,0.1,0.746087561124389,0.3,0.3
0.48,0.1,0.746087561124389,0.3,0.3
0.5,0.1,0.746087561124389,0.3,0.3
0.52,0.1,0.746087561124389,0.3,0.3
0.54,0.1,0.746087561124389,0.3,0.3
0.56,0.1,0.746087561124389,0.3,0.3
0.58,0.1,0.746087561124389,0.3,0.3
0.6,0.1,0.746087561124389,0.3,0.3
0.62,0.1,0.746087561124389,0.3,0.3
0.64,0.1,0.746087561124389,0.3,0.3
0.66,0.1,0.746087561124389,0.3,0.3
0.68,0.1,0.746087561124389,0.3,0.3
0.7,0.1,0.746087561124389,0.3,0.3
0.72,0.1,0.746087561124389,0.3,0.3
0.74,0.1,0.746087561124393,0.3,0.3
0.76,0.1,0.746087561124393,0.3,0.3
0.78,0.1,0.746087561124393,0.3,0.3
0.8,0.1,0.746087561124393,0.3,0.3
0.82,0.1,0.746087561124393,0.3,0.3
0.84,0.1,0.746087561124393,0.3,0.3
0,0.12,0.74313979396034,0.3,0.3
0.02,0.12,0.74313979396034,0.3,0.3
0.04,0.12,0.74313979396034,0.3,0.3
0.06,0.12,0.74313979396034,0.3,0.3
0.08,0.12,0.74313979396034,0.3,0.3
0.1,0.12,0.74313979396034,0.3,0.3
0.12,0.12,0.74313979396034,0.3,0.3
0.14,0.12,0.74313979396034,0.3,0.3
0.16,0.12,0.74313979396034,0.3,0.3
0.18,0.12,0.74313979396034,0.3,0.3
0.2,0.12,0.74313979396034,0.3,0.3
0.22,0.12,0.74313979396034,0.3,0.3
0.24,0.12,0.74313979396034,0.3,0.3
0.26,0.12,0.74313979396034,0.3,0.3
0.28,0.12,0.74313979396034,0.3,0.3
0.3,0.12,0.74313979396034,0.3,0.3
0.32,0.12,0.74313979396034,0.3,0.3
0.34,0.12,0.74313979396034,0.3,0.3
0.36,0.12,0.74313979396034,0.3,0.3
0.38,0.12,0.74313979396034,0.3,0.3
0.4,0.12,0.74313979396034,0.3,0.3
0.42,0.12,0.74313979396034,0.3,0.3
0.44,0.12,0.74313979396034,0.3,0.3
0.46,0.12,0.74313979396034,0.3,0.3
0.48,0.12,0.74313979396034,0.3,0.3
0.5,0.12,0.74313979396034,0.3,0.3
0.52,0.12,0.74313979396034,0.3,0.3
0.54,0.12,0.74313979396034,0.3,0.3
0.56,0.12,0.74313979396034,0.3,0.3
0.58,0.12,0.74313979396034,0.3,0.3
0.6,0.12,0.74313979396034,0.3,0.3
0.62,0.12,0.74313979396034,0.3,0.3
0.64,0.12,0.74313979396034,0.3,0.3
0.66,0.12,0.74313979396034,0.3,0.3
0.68,0.12,0.74313979396034,0.3,0.3
0.7,0.12,0.74313979396034,0.3,0.3
0.72,0.12,0.74313979396034,0.3,0.3
0.74,0.12,0.743139793960345,0.3,0.3
0.76,0.12,0.743139793960345,0.3,0.3
0.78,0.12,0.743139793960345,0.3,0.3
0.8,0.12,0.743139793960345,0.3,0.3
0.82,0.12,0.743139793960345,0.3,0.3
0.84,0.12,0.743139793960345,0.3,0.3
0,0.14,0.740013480950735,0.3,0.3
0.02,0.14,0.740013480950735,0.3,0.3
0.04,0.14,0.740013480950735,0.3,0.3
0.06,0.14,0.740013480950735,0.3,0.3
0.08,0.14,0.740013480950735,0.3,0.3
0.1,0.14,0.740013480950735,0.3,0.3
0.12,0.14,0.740013480950735,0.3,0.3
0.14,0.14,0.740013480950735,0.3,0.3
0.16,0.14,0.740013480950735,0.3,0.3
0.18,0.14,0.740013480950735,0.3,0.3
0.2,0.14,0.740013480950735,0.3,0.3
0.22,0.14,0.740013480950735,0.3,0.3
0.24,0.14,0.740013480950735,0.3,0.3
0.26,0.14,0.740013480950735,0.3,0.3
0.28,0.14,0.740013480950735,0.3,0.3
0.3,0.14,0.740013480950735,0.3,0.3
0.32,0.14,0.740013480950735,0.3,0.3
0.34,0.14,0.740013480950735,0.3,0.3
0.36,0.14,0.740013480950735,0.3,0.3
0.38,0.14,0.740013480950735,0.3,0.3
0.4,0.14,0.740013480950735,0.3,0.3
0.42,0.14,0.740013480950735,0.3,0.3
0.44,0.14,0.740013480950735,0.3,0.3
0.46,0.14,0.740013480950735,0.3,0.3
0.48,0.14,0.740013480950735,0.3,0.3
0.5,0.14,0.740013480950735,0.3,0.3
0.52,0.14,0.740013480950735,0.3,0.3
0.54,0.14,0.740013480950735,0.3,0.3
0.56,0.14,0.740013480950735,0.3,0.3
0.58,0.14,0.740013480950735,0.3,0.3
0.6,0.14,0.740013480950735,0.3,0.3
0.62,0.14,0.740013480950735,0.3,0.3
0.64,0.14,0.740013480950735,0.3,0.3
0.66,0.14,0.740013480950735,0.3,0.3
0.68,0.14,0.740013480950735,0.3,0.3
0.7,0.14,0.740013480950735,0.3,0.3
0.72,0.14,0.740013480950735,0.3,0.3
0.74,0.14,0.74001348095074,0.3,0.3
0.76,0.14,0.74001348095074,0.3,0.3
0.78,0.14,0.74001348095074,0.3,0.3
0.8,0.14,0.74001348095074,0.3,0.3
0.82,0.14,0.74001348095074,0.3,0.3
0.84,0.14,0.74001348095074,0.3,0.3
0,0.16,0.736691729211836,0.3,0.3
0.02,0.16,0.736691729211836,0.3,0.3
0.04,0.16,0.736691729211836,0.3,0.3
0.06,0.16,0.736691729211836,0.3,0.3
0.08,0.16,0.736691729211836,0.3,0.3
0.1,0.16,0.736691729211836,0.3,0.3
0.12,0.16,0.736691729211836,0.3,0.3
0.14,0.16,0.736691729211836,0.3,0.3
0.16,0.16,0.736691729211836,0.3,0.3
0.18,0.16,0.736691729211836,0.3,0.3
0.2,0.16,0.736691729211836,0.3,0.3
0.22,0.16,0.736691729211836,0.3,0.3
0.24,0.16,0.736691729211836,0.3,0.3
0.26,0.16,0.736691729211836,0.3,0.3
0.28,0.16,0.736691729211836,0.3,0.3
0.3,0.16,0.736691729211836,0.3,0.3
0.32,0.16,0.736691729211836,0.3,0.3
0.34,0.16,0.736691729211836,0.3,0.3
0.36,0.16,0.736691729211836,0.3,0.3
0.38,0.16,0.736691729211836,0.3,0.3
0.4,0.16,0.736691729211836,0.3,0.3
0.42,0.16,0.736691729211836,0.3,0.3
0.44,0.16,0.736691729211836,0.3,0.3
0.46,0.16,0.736691729211836,0.3,0.3
0.48,0.16,0.736691729211836,0.3,0.3
0.5,0.16,0.736691729211836,0.3,0.3
0.52,0.16,0.736691729211836,0.3,0.3
0.54,0.16,0.736691729211836,0.3,0.3
0.56,0.16,0.736691729211836,0.3,0.3
0.58,0.16,0.736691729211836,0.3,0.3
0.6,0.16,0.736691729211836,0.3,0.3
0.62,0.16,0.736691729211836,0.3,0.3
0.64,0.16,0.736691729211836,0.3,0.3
0.66,0.16,0.736691729211836,0.3,0.3
0.68,0.16,0.736691729211836,0.3,0.3
0.7,0.16,0.736691729211836,0.3,0.3
0.72,0.16,0.736691729211836,0.3,0.3
0.74,0.16,0.736691729211841,0.3,0.3
0.76,0.16,0.736691729211841,0.3,0.3
0.78,0.16,0.736691729211841,0.3,0.3
0.8,0.16,0.736691729211841,0.3,0.3
0.82,0.16,0.736691729211841,0.3,0.3
0.84,0.16,0.736691729211841,0.3,0.3
0,0.18,0.733155420903384,0.3,0.3
0.02,0.18,0.733155420903384,0.3,0.3
0.04,0.18,0.733155420903384,0.3,0.3
0.06,0.18,0.733155420903384,0.3,0.3
0.08,0.18,0.733155420903384,0.3,0.3
0.1,0.18,0.733155420903384,0.3,0.3
0.12,0.18,0.733155420903384,0.3,0.3
0.14,0.18,0.733155420903384,0.3,0.3
0.16,0.18,0.733155420903384,0.3,0.3
0.18,0.18,0.733155420903384,0.3,0.3
0.2,0.18,0.733155420903384,0.3,0.3
0.22,0.18,0.733155420903384,0.3,0.3
0.24,0.18,0.733155420903384,0.3,0.3
0.26,0.18,0.733155420903384,0.3,0.3
0.28,0.18,0.733155420903384,0.3,0.3
0.3,0.18,0.733155420903384,0.3,0.3
0.32,0.18,0.733155420903384,0.3,0.3
0.34,0.18,0.733155420903384,0.3,0.3
0.36,0.18,0.733155420903384,0.3,0.3
0.38,0.18,0.733155420903384,0.3,0.3
0.4,0.18,0.733155420903384,0.3,0.3
0.42,0.18,0.733155420903384,0.3,0.3
0.44,0.18,0.733155420903384,0.3,0.3
0.46,0.18,0.733155420903384,0.3,0.3
0.48,0.18,0.733155420903384,0.3,0.3
0.5,0.18,0.733155420903384,0.3,0.3
0.52,0.18,0.733155420903384,0.3,0.3
0.54,0.18,0.733155420903384,0.3,0.3
0.56,0.18,0.733155420903384,0.3,0.3
0.58,0.18,0.733155420903384,0.3,0.3
0.6,0.18,0.733155420903384,0.3,0.3
0.62,0.18,0.733155420903384,0.3,0.3
0.64,0.18,0.733155420903384,0.3,0.3
0.66,0.18,0.733155420903384,0.3,0.3
0.68,0.18,0.733155420903384,0.3,0.3
0.7,0.18,0.733155420903384,0.3,0.3
0.72,0.18,0.733155420903389,0.3,0.3
0.74,0.18,0.733155420903389,0.3,0.3
0.76,0.18,0.733155420903389,0.3,0.3
0.78,0.18,0.733155420903389,0.3,0.3
0.8,0.18,0.733155420903389,0.3,0.3
0.82,0.18,0.733155420903389,0.3,0.3
0.84,0.18,0.733155420903389,0.3,0.3
0,0.2,0.729382830057808,0.3,0.3
0.02,0.2,0.729382830057808,0.3,0.3
0.04,0.2,0.729382830057808,0.3,0.3
0.06,0.2,0.729382830057808,0.3,0.3
0.08,0.2,0.729382830057808,0.3,0.3
0.1,0.2,0.729382830057808,0.3,0.3
0.12,0.2,0.729382830057808,0.3,0.3
0.14,0.2,0.729382830057808,0.3,0.3
0.16,0.2,0.729382830057808,0.3,0.3
0.18,0.2,0.729382830057808,0.3,0.3
0.2,0.2,0.729382830057808,0.3,0.3
0.22,0.2,0.729382830057808,0.3,0.3
0.24,0.2,0.729382830057808,0.3,0.3
0.26,0.2,0.729382830057808,0.3,0.3
0.28,0.2,0.729382830057808,0.3,0.3
0.3,0.2,0.729382830057808,0.3,0.3
0.32,0.2,0.729382830057808,0.3,0.3
0.34,0.2,0.729382830057808,0.3,0.3
0.36,0.2,0.729382830057808,0.3,0.3
0.38,0.2,0.729382830057808,0.3,0.3
0.4,0.2,0.729382830057808,0.3,0.3
0.42,0.2,0.729382830057808,0.3,0.3
0.44,0.2,0.729382830057808,0.3,0.3
0.46,0.2,0.729382830057808,0.3,0.3
0.48,0.2,0.729382830057808,0.3,0.3
0.5,0.2,0.729382830057808,0.3,0.3
0.52,0.2,0.729382830057808,0.3,0.3
0.54,0.2,0.729382830057808,0.3,0.3
0.56,0.2,0.729382830057808,0.3,0.3
0.58,0.2,0.729382830057808,0.3,0.3
0.6,0.2,0.729382830057808,0.3,0.3
0.62,0.2,0.729382830057808,0.3,0.3
0.64,0.2,0.729382830057808,0.3,0.3
0.66,0.2,0.729382830057808,0.3,0.3
0.68,0.2,0.729382830057808,0.3,0.3
0.7,0.2,0.729382830057808,0.3,0.3
0.72,0.2,0.729382830057812,0.3,0.3
0.74,0.2,0.729382830057812,0.3,0.3
0.76,0.2,0.729382830057812,0.3,0.3
0.78,0.2,0.729382830057812,0.3,0.3
0.8,0.2,0.729382830057812,0.3,0.3
0.82,0.2,0.729382830057812,0.3,0.3
0.84,0.2,0.729382830057812,0.3,0.3
0,0.22,0.725349156487485,0.3,0.3
0.02,0.22,0.725349156487485,0.3,0.3
0.04,0.22,0.725349156487485,0.3,0.3
0.06,0.22,0.725349156487485,0.3,0.3
0.08,0.22,0.725349156487485,0.3,0.3
0.1,0.22,0.725349156487485,0.3,0.3
0.12,0.22,0.725349156487485,0.3,0.3
0.14,0.22,0.725349156487485,0.3,0.3
0.16,0.22,0.725349156487485,0.3,0.3
0.18,0.22,0.725349156487485,0.3,0.3
0.2,0.22,0.725349156487485,0.3,0.3
0.22,0.22,0.725349156487485,0.3,0.3
0.24,0.22,0.725349156487485,0.3,0.3
0.26,0.22,0.725349156487485,0.3,0.3
0.28,0.22,0.725349156487485,0.3,0.3
0.3,0.22,0.725349156487485,0.3,0.3
0.32,0.22,0.725349156487485,0.3,0.3
0.34,0.22,0.725349156487485,0.3,0.3
0.36,0.22,0.725349156487485,0.3,0.3
0.38,0.22,0.725349156487485,0.3,0.3
0.4,0.22,0.725349156487485,0.3,0.3
0.42,0.22,0.725349156487485,0.3,0.3
0.44,0.22,0.725349156487485,0.3,0.3
0.46,0.22,0.725349156487485,0.3,0.3
0.48,0.22,0.725349156487485,0.3,0.3
0.5,0.22,0.725349156487485,0.3,0.3
0.52,0.22,0.725349156487485,0.3,0.3
0.54,0.22,0.725349156487485,0.3,0.3
0.56,0.22,0.725349156487485,0.3,0.3
0.58,0.22,0.725349156487485,0.3,0.3
0.6,0.22,0.725349156487485,0.3,0.3
0.62,0.22,0.725349156487485,0.3,0.3
0.64,0.22,0.725349156487485,0.3,0.3
0.66,0.22,0.725349156487485,0.3,0.3
0.68,0.22,0.725349156487485,0.3,0.3
0.7,0.22,0.725349156487485,0.3,0.3
0.72,0.22,0.72534915648749,0.3,0.3
0.74,0.22,0.72534915648749,0.3,0.3
0.76,0.22,0.72534915648749,0.3,0.3
0.78,0.22,0.72534915648749,0.3,0.3
0.8,0.22,0.72534915648749,0.3,0.3
0.82,0.22,0.72534915648749,0.3,0.3
0.84,0.22,0.72534915648749,0.3,0.3
0,0.24,0.721025954840456,0.3,0.3
0.02,0.24,0.721025954840456,0.3,0.3
0.04,0.24,0.721025954840456,0.3,0.3
0.06,0.24,0.721025954840456,0.3,0.3
0.08,0.24,0.721025954840456,0.3,0.3
0.1,0.24,0.721025954840456,0.3,0.3
0.12,0.24,0.721025954840456,0.3,0.3
0.14,0.24,0.721025954840456,0.3,0.3
0.16,0.24,0.721025954840456,0.3,0.3
0.18,0.24,0.721025954840456,0.3,0.3
0.2,0.24,0.721025954840456,0.3,0.3
0.22,0.24,0.721025954840456,0.3,0.3
0.24,0.24,0.721025954840456,0.3,0.3
0.26,0.24,0.721025954840456,0.3,0.3
0.28,0.24,0.721025954840456,0.3,0.3
0.3,0.24,0.721025954840456,0.3,0.3
0.32,0.24,0.721025954840456,0.3,0.3
0.34,0.24,0.721025954840456,0.3,0.3
0.36,0.24,0.721025954840456,0.3,0.3
0.38,0.24,0.721025954840456,0.3,0.3
0.4,0.24,0.721025954840456,0.3,0.3
0.42,0.24,0.721025954840456,0.3,0.3
0.44,0.24,0.721025954840456,0.3,0.3
0.46,0.24,0.721025954840456,0.3,0.3
0.48,0.24,0.721025954840456,0.3,0.3
0.5,0.24,0.721025954840456,0.3,0.3
0.52,0.24,0.721025954840456,0.3,0.3
0.54,0.24,0.721025954840456,0.3,0.3
0.56,0.24,0.721025954840456,0.3,0.3
0.58,0.24,0.721025954840456,0.3,0.3
0.6,0.24,0.721025954840456,0.3,0.3
0.62,0.24,0.721025954840456,0.3,0.3
0.64,0.24,0.721025954840456,0.3,0.3
0.66,0.24,0.721025954840456,0.3,0.3
0.68,0.24,0.721025954840456,0.3,0.3
0.7,0.24,0.721025954840461,0.3,0.3
0.72,0.24,0.721025954840461,0.3,0.3
0.74,0.24,0.721025954840461,0.3,0.3
0.76,0.24,0.721025954840461,0.3,0.3
0.78,0.24,0.721025954840461,0.3,0.3
0.8,0.24,0.721025954840461,0.3,0.3
0.82,0.24,0.721025954840461,0.3,0.3
0.84,0.24,0.721025954840461,0.3,0.3
0,0.26,0.716380429937185,0.3,0.3
0.02,0.26,0.716380429937185,0.3,0.3
0.04,0.26,0.716380429937185,0.3,0.3
0.06,0.26,0.716380429937185,0.3,0.3
0.08,0.26,0.716380429937185,0.3,0.3
0.1,0.26,0.716380429937185,0.3,0.3
0.12,0.26,0.716380429937185,0.3,0.3
0.14,0.26,0.716380429937185,0.3,0.3
0.16,0.26,0.716380429937185,0.3,0.3
0.18,0.26,0.716380429937185,0.3,0.3
0.2,0.26,0.716380429937185,0.3,0.3
0.22,0.26,0.716380429937185,0.3,0.3
0.24,0.26,0.716380429937185,0.3,0.3
0.26,0.26,0.716380429937185,0.3,0.3
0.28,0.26,0.716380429937185,0.3,0.3
0.3,0.26,0.716380429937185,0.3,0.3
0.32,0.26,0.716380429937185,0.3,0.3
0.34,0.26,0.716380429937185,0.3,0.3
0.36,0.26,0.716380429937185,0.3,0.3
0.38,0.26,0.716380429937185,0.3,0.3
0.4,0.26,0.716380429937185,0.3,0.3
0.42,0.26,0.716380429937185,0.3,0.3
0.44,0.26,0.716380429937185,0.3,0.3
0.46,0.26,0.716380429937185,0.3,0.3
0.48,0.26,0.716380429937185,0.3,0.3
0.5,0.26,0.716380429937185,0.3,0.3
0.52,0.26,0.716380429937185,0.3,0.3
0.54,0.26,0.716380429937185,0.3,0.3
0.56,0.26,0.716380429937185,0.3,0.3
0.58,0.26,0.716380429937185,0.3,0.3
0.6,0.26,0.716380429937185,0.3,0.3
0.62,0.26,0.716380429937185,0.3,0.3
0.64,0.26,0.716380429937185,0.3,0.3
0.66,0.26,0.716380429937185,0.3,0.3
0.68,0.26,0.716380429937185,0.3,0.3
0.7,0.26,0.716380429937191,0.3,0.3
0.72,0.26,0.716380429937191,0.3,0.3
0.74,0.26,0.716380429937191,0.3,0.3
0.76,0.26,0.716380429937191,0.3,0.3
0.78,0.26,0.716380429937191,0.3,0.3
0.8,0.26,0.716380429937191,0.3,0.3
0.82,0.26,0.716380429937191,0.3,0.3
0.84,0.26,0.716380429937191,0.3,0.3
0,0.28,0.711374560003245,0.3,0.3
0.02,0.28,0.711374560003245,0.3,0.3
0.04,0.28,0.711374560003245,0.3,0.3
0.06,0.28,0.711374560003245,0.3,0.3
0.08,0.28,0.711374560003245,0.3,0.3
0.1,0.28,0.711374560003245,0.3,0.3
0.12,0.28,0.711374560003245,0.3,0.3
0.14,0.28,0.711374560003245,0.3,0.3
0.16,0.28,0.711374560003245,0.3,0.3
0.18,0.28,0.711374560003245,0.3,0.3
0.2,0.28,0.711374560003245,0.3,0.3
0.22,0.28,0.711374560003245,0.3,0.3
0.24,0.28,0.711374560003245,0.3,0.3
0.26,0.28,0.711374560003245,0.3,0.3
0.28,0.28,0.711374560003245,0.3,0.3
0.3,0.28,0.711374560003245,0.3,0.3
0.32,0.28,0.711374560003245,0.3,0.3
0.34,0.28,0.711374560003245,0.3,0.3
0.36,0.28,0.711374560003245,0.3,0.3
0.38,0.28,0.711374560003245,0.3,0.3
0.4,0.28,0.711374560003245,0.3,0.3
0.42,0.28,0.711374560003245,0.3,0.3
0.44,0.28,0.711374560003245,0.3,0.3
0.46,0.28,0.711374560003245,0.3,0.3
0.48,0.28,0.711374560003245,0.3,0.3
0.5,0.28,0.711374560003245,0.3,0.3
0.52,0.28,0.711374560003245,0.3,0.3
0.54,0.28,0.711374560003245,0.3,0.3
0.56,0.28,0.711374560003245,0.3,0.3
0.58,0.28,0.711374560003245,0.3,0.3
0.6,0.28,0.711374560003245,0.3,0.3
0.62,0.28,0.711374560003245,0.3,0.3
0.64,0.28,0.711374560003245,0.3,0.3
0.66,0.28,0.711374560003245,0.3,0.3
0.68,0.28,0.711374560003245,0.3,0.3
0.7,0.28,0.71137456000325,0.3,0.3
0.72,0.28,0.71137456000325,0.3,0.3
0.74,0.28,0.71137456000325,0.3,0.3
0.76,0.28,0.71137456000325,0.3,0.3
0.78,0.28,0.71137456000325,0.3,0.3
0.8,0.28,0.71137456000325,0.3,0.3
0.82,0.28,0.71137456000325,0.3,0.3
0.84,0.28,0.71137456000325,0.3,0.3
0,0.3,0.705963996205043,0.3,0.3
0.02,0.3,0.705963996205043,0.3,0.3
0.04,0.3,0.705963996205043,0.3,0.3
0.06,0.3,0.705963996205043,0.3,0.3
0.08,0.3,0.705963996205043,0.3,0.3
0.1,0.3,0.705963996205043,0.3,0.3
0.12,0.3,0.705963996205043,0.3,0.3
0.14,0.3,0.705963996205043,0.3,0.3
0.16,0.3,0.705963996205043,0.3,0.3
0.18,0.3,0.705963996205043,0.3,0.3
0.2,0.3,0.705963996205043,0.3,0.3
0.22,0.3,0.705963996205043,0.3,0.3
0.24,0.3,0.705963996205043,0.3,0.3
0.26,0.3,0.705963996205043,0.3,0.3
0.28,0.3,0.705963996205043,0.3,0.3
0.3,0.3,0.705963996205043,0.3,0.3
0.32,0.3,0.705963996205043,0.3,0.3
0.34,0.3,0.705963996205043,0.3,0.3
0.36,0.3,0.705963996205043,0.3,0.3
0.38,0.3,0.705963996205043,0.3,0.3
0.4,0.3,0.705963996205043,0.3,0.3
0.42,0.3,0.705963996205043,0.3,0.3
0.44,0.3,0.705963996205043,0.3,0.3
0.46,0.3,0.705963996205043,0.3,0.3
0.48,0.3,0.705963996205043,0.3,0.3
0.5,0.3,0.705963996205043,0.3,0.3
0.52,0.3,0.705963996205043,0.3,0.3
0.54,0.3,0.705963996205043,0.3,0.3
0.56,0.3,0.705963996205043,0.3,0.3
0.58,0.3,0.705963996205043,0.3,0.3
0.6,0.3,0.705963996205043,0.3,0.3
0.62,0.3,0.705963996205043,0.3,0.3
0.64,0.3,0.705963996205043,0.3,0.3
0.66,0.3,0.705963996205043,0.3,0.3
0.68,0.3,0.705963996205049,0.3,0.3
0.7,0.3,0.705963996205049,0.3,0.3
0.72,0.3,0.705963996205049,0.3,0.3
0.74,0.3,0.705963996205049,0.3,0.3
0.76,0.3,0.705963996205049,0.3,0.3
0.78,0.3,0.705963996205049,0.3,0.3
0.8,0.3,0.705963996205049,0.3,0.3
0.82,0.3,0.705963996205049,0.3,0.3
0.84,0.3,0.705963996205049,0.3,0.3
0,0.32,0.700096668344107,0.3,0.3
0.02,0.32,0.700096668344107,0.3,0.3
0.04,0.32,0.700096668344107,0.3,0.3
0.06,0.32,0.700096668344107,0.3,0.3
0.08,0.32,0.700096668344107,0.3,0.3
0.1,0.32,0.700096668344107,0.3,0.3
0.12,0.32,0.700096668344107,0.3,0.3
0.14,0.32,0.700096668344107,0.3,0.3
0.16,0.32,0.700096668344107,0.3,0.3
0.18,0.32,0.700096668344107,0.3,0.3
0.2,0.32,0.700096668344107,0.3,0.3
0.22,0.32,0.700096668344107,0.3,0.3
0.24,0.32,0.700096668344107,0.3,0.3
0.26,0.32,0.700096668344107,0.3,0.3
0.28,0.32,0.700096668344107,0.3,0.3
0.3,0.32,0.700096668344107,0.3,0.3
0.32,0.32,0.700096668344107,0.3,0.3
0.34,0.32,0.700096668344107,0.3,0.3
0.36,0.32,0.700096668344107,0.3,0.3
0.38,0.32,0.700096668344107,0.3,0.3
0.4,0.32,0.700096668344107,0.3,0.3
0.42,0.32,0.700096668344107,0.3,0.3
0.44,0.32,0.700096668344107,0.3,0.3
0.46,0.32,0.700096668344107,0.3,0.3
0.48,0.32,0.700096668344107,0.3,0.3
0.5,0.32,0.700096668344107,0.3,0.3
0.52,0.32,0.700096668344107,0.3,0.3
0.54,0.32,0.700096668344107,0.3,0.3
0.56,0.32,0.700096668344107,0.3,0.3
0.58,0.32,0.700096668344107,0.3,0.3
0.6,0.32,0.700096668344107,0.3,0.3
0.62,0.32,0.700096668344107,0.3,0.3
0.64,0.32,0.700096668344107,0.3,0.3
0.66,0.32,0.700096668344107,0.3,0.3
0.68,0.32,0.700096668344113,0.3,0.3
0.7,0.32,0.700096668344113,0.3,0.3
0.72,0.32,0.700096668344113,0.3,0.3
0.74,0.32,0.700096668344113,0.3,0.3
0.76,0.32,0.700096668344113,0.3,0.3
0.78,0.32,0.700096668344113,0.3,0.3
0.8,0.32,0.700096668344113,0.3,0.3
0.82,0.32,0.700096668344113,0.3,0.3
0.84,0.32,0.700096668344113,0.3,0.3
0,0.34,0.693711000174024,0.3,0.3
0.02,0.34,0.693711000174024,0.3,0.3
0.04,0.34,0.693711000174024,0.3,0.3
0.06,0.34,0.693711000174024,0.3,0.3
0.08,0.34,0.693711000174024,0.3,0.3
0.1,0.34,0.693711000174024,0.3,0.3
0.12,0.34,0.693711000174024,0.3,0.3
0.14,0.34,0.693711000174024,0.3,0.3
0.16,0.34,0.693711000174024,0.3,0.3
0.18,0.34,0.693711000174024,0.3,0.3
0.2,0.34,0.693711000174024,0.3,0.3
0.22,0.34,0.693711000174024,0.3,0.3
0.24,0.34,0.693711000174024,0.3,0.3
0.26,0.34,0.693711000174024,0.3,0.3
0.28,0.34,0.693711000174024,0.3,0.3
0.3,0.34,0.693711000174024,0.3,0.3
0.32,0.34,0.693711000174024,0.3,0.3
0.34,0.34,0.693711000174024,0.3,0.3
0.36,0.34,0.693711000174024,0.3,0.3
0.38,0.34,0.693711000174024,0.3,0.3
0.4,0.34,0.693711000174024,0.3,0.3
0.42,0.34,0.693711000174024,0.3,0.3
0.44,0.34,0.693711000174024,0.3,0.3
0.46,0.34,0.693711000174024,0.3,0.3
0.48,0.34,0.693711000174024,0.3,0.3
0.5,0.34,0.693711000174024,0.3,0.3
0.52,0.34,0.693711000174024,0.3,0.3
0.54,0.34,0.693711000174024,0.3,0.3
0.56,0.34,0.693711000174024,0.3,0.3
0.58,0.34,0.693711000174024,0.3,0.3
0.6,0.34,0.693711000174024,0.3,0.3
0.62,0.34,0.693711000174024,0.3,0.3
0.64,0.34,0.693711000174024,0.3,0.3
0.66,0.34,0.693711000174024,0.3,0.3
0.68,0.34,0.693711000174031,0.3,0.3
0.7,0.34,0.693711000174031,0.3,0.3
0.72,0.34,0.693711000174031,0.3,0.3
0.74,0.34,0.693711000174031,0.3,0.3
0.76,0.34,0.693711000174031,0.3,0.3
0.78,0.34,0.693711000174031,0.3,0.3
0.8,0.34,0.693711000174031,0.3,0.3
0.82,0.34,0.693711000174031,0.3,0.3
0.84,0.34,0.693711000174031,0.3,0.3
0,0.36,0.686733599759952,0.3,0.3
0.02,0.36,0.686733599759952,0.3,0.3
0.04,0.36,0.686733599759952,0.3,0.3
0.06,0.36,0.686733599759952,0.3,0.3
0.08,0.36,0.686733599759952,0.3,0.3
0.1,0.36,0.686733599759952,0.3,0.3
0.12,0.36,0.686733599759952,0.3,0.3
0.14,0.36,0.686733599759952,0.3,0.3
0.16,0.36,0.686733599759952,0.3,0.3
0.18,0.36,0.686733599759952,0.3,0.3
0.2,0.36,0.686733599759952,0.3,0.3
0.22,0.36,0.686733599759952,0.3,0.3
0.24,0.36,0.686733599759952,0.3,0.3
0.26,0.36,0.686733599759952,0.3,0.3
0.28,0.36,0.686733599759952,0.3,0.3
0.3,0.36,0.686733599759952,0.3,0.3
0.32,0.36,0.686733599759952,0.3,0.3
0.34,0.36,0.686733599759952,0.3,0.3
0.36,0.36,0.686733599759952,0.3,0.3
0.38,0.36,0.686733599759952,0.3,0.3
0.4,0.36,0.686733599759952,0.3,0.3
0.42,0.36,0.686733599759952,0.3,0.3
0.44,0.36,0.686733599759952,0.3,0.3
0.46,0.36,0.686733599759952,0.3,0.3
0.48,0.36,0.686733599759952,0.3,0.3
0.5,0.36,0.686733599759952,0.3,0.3
0.52,0.36,0.686733599759952,0.3,0.3
0.54,0.36,0.686733599759952,0.3,0.3
0.56,0.36,0.686733599759952,0.3,0.3
0.58,0.36,0.686733599759952,0.3,0.3
0.6,0.36,0.686733599759952,0.3,0.3
0.62,0.36,0.686733599759952,0.3,0.3
0.64,0.36,0.686733599759952,0.3,0.3
0.66,0.36,0.686733599759959,0.3,0.3
0.68,0.36,0.686733599759959,0.3,0.3
0.7,0.36,0.686733599759959,0.3,0.3
0.72,0.36,0.686733599759959,0.3,0.3
0.74,0.36,0.686733599759959,0.3,0.3
0.76,0.36,0.686733599759959,0.3,0.3
0.78,0.36,0.686733599759959,0.3,0.3
0.8,0.36,0.686733599759959,0.3,0.3
0.82,0.36,0.686733599759959,0.3,0.3
0.84,0.36,0.686733599759959,0.3,0.3
0,0.38,0.679076234710287,0.3,0.3
0.02,0.38,0.679076234710287,0.3,0.3
0.04,0.38,0.679076234710287,0.3,0.3
0.06,0.38,0.679076234710287,0.3,0.3
0.08,0.38,0.679076234710287,0.3,0.3
0.1,0.38,0.679076234710287,0.3,0.3
0.12,0.38,0.679076234710287,0.3,0.3
0.14,0.38,0.679076234710287,0.3,0.3
0.16,0.38,0.679076234710287,0.3,0.3
0.18,0.38,0.679076234710287,0.3,0.3
0.2,0.38,0.679076234710287,0.3,0.3
0.22,0.38,0.679076234710287,0.3,0.3
0.24,0.38,0.679076234710287,0.3,0.3
0.26,0.38,0.679076234710287,0.3,0.3
0.28,0.38,0.679076234710287,0.3,0.3
0.3,0.38,0.679076234710287,0.3,0.3
0.32,0.38,0.679076234710287,0.3,0.3
0.34,0.38,0.679076234710287,0.3,0.3
0.36,0.38,0.679076234710287,0.3,0.3
0.38,0.38,0.679076234710287,0.3,0.3
0.4,0.38,0.679076234710287,0.3,0.3
0.42,0.38,0.679076234710287,0.3,0.3
0.44,0.38,0.679076234710287,0.3,0.3
0.46,0.38,0.679076234710287,0.3,0.3
0.48,0.38,0.679076234710287,0.3,0.3
0.5,0.38,0.679076234710287,0.3,0.3
0.52,0.38,0.679076234710287,0.3,0.3
0.54,0.38,0.679076234710287,0.3,0.3
0.56,0.38,0.679076234710287,0.3,0.3
0.58,0.38,0.679076234710287,0.3,0.3
0.6,0.38,0.679076234710287,0.3,0.3
0.62,0.38,0.679076234710287,0.3,0.3
0.64,0.38,0.679076234710295,0.3,0.3
0.66,0.38,0.679076234710295,0.3,0.3
0.68,0.38,0.679076234710295,0.3,0.3
0.7,0.38,0.679076234710295,0.3,0.3
0.72,0.38,0.679076234710295,0.3,0.3
0.74,0.38,0.679076234710295,0.3,0.3
0.76,0.38,0.679076234710295,0.3,0.3
0.78,0.38,0.679076234710295,0.3,0.3
0.8,0.38,0.679076234710295,0.3,0.3
0.82,0.38,0.679076234710295,0.3,0.3
0.84,0.38,0.679076234710295,0.3,0.3
0,0.4,0.670631819779893,0.3,0.3
0.02,0.4,0.670631819779893,0.3,0.3
0.04,0.4,0.670631819779893,0.3,0.3
0.06,0.4,0.670631819779893,0.3,0.3
0.08,0.4,0.670631819779893,0.3,0.3
0.1,0.4,0.670631819779893,0.3,0.3
0.12,0.4,0.670631819779893,0.3,0.3
0.14,0.4,0.670631819779893,0.3,0.3
0.16,0.4,0.670631819779893,0.3,0.3
0.18,0.4,0.670631819779893,0.3,0.3
0.2,0.4,0.670631819779893,0.3,0.3
0.22,0.4,0.670631819779893,0.3,0.3
0.24,0.4,0.670631819779893,0.3,0.3
0.26,0.4,0.670631819779893,0.3,0.3
0.28,0.4,0.670631819779893,0.3,0.3
0.3,0.4,0.670631819779893,0.3,0.3
0.32,0.4,0.670631819779893,0.3,0.3
0.34,0.4,0.670631819779893,0.3,0.3
0.36,0.4,0.670631819779893,0.3,0.3
0.38,0.4,0.670631819779893,0.3,0.3
0.4,0.4,0.670631819779893,0.3,0.3
0.42,0.4,0.670631819779893,0.3,0.3
0.44,0.4,0.670631819779893,0.3,0.3
0.46,0.4,0.670631819779893,0.3,0.3
0.48,0.4,0.670631819779893,0.3,0.3
0.5,0.4,0.670631819779893,0.3,0.3
0.52,0.4,0.670631819779893,0.3,0.3
0.54,0.4,0.670631819779893,0.3,0.3
0.56,0.4,0.670631819779893,0.3,0.3
0.58,0.4,0.670631819779893,0.3,0.3
0.6,0.4,0.670631819779893,0.3,0.3
0.62,0.4,0.670631819779893,0.3,0.3
0.64,0.4,0.670631819779901,0.3,0.3
0.66,0.4,0.670631819779901,0.3,0.3
0.68,0.4,0.670631819779901,0.3,0.3
0.7,0.4,0.670631819779901,0.3,0.3
0.72,0.4,0.670631819779901,0.3,0.3
0.74,0.4,0.670631819779901,0.3,0.3
0.76,0.4,0.670631819779901,0.3,0.3
0.78,0.4,0.670631819779901,0.3,0.3
0.8,0.4,0.670631819779901,0.3,0.3
0.82,0.4,0.670631819779901,0.3,0.3
0.84,0.4,0.670631819779901,0.3,0.3
0,0.42,0.661269020860644,0.3,0.3
0.02,0.42,0.661269020860644,0.3,0.3
0.04,0.42,0.661269020860644,0.3,0.3
0.06,0.42,0.661269020860644,0.3,0.3
0.08,0.42,0.661269020860644,0.3,0.3
0.1,0.42,0.661269020860644,0.3,0.3
0.12,0.42,0.661269020860644,0.3,0.3
0.14,0.42,0.661269020860644,0.3,0.3
0.16,0.42,0.661269020860644,0.3,0.3
0.18,0.42,0.661269020860644,0.3,0.3
0.2,0.42,0.661269020860644,0.3,0.3
0.22,0.42,0.661269020860644,0.3,0.3
0.24,0.42,0.661269020860644,0.3,0.3
0.26,0.42,0.661269020860644,0.3,0.3
0.28,0.42,0.661269020860644,0.3,0.3
0.3,0.42,0.661269020860644,0.3,0.3
0.32,0.42,0.661269020860644,0.3,0.3
0.34,0.42,0.661269020860644,0.3,0.3
0.36,0.42,0.661269020860644,0.3,0.3
0.38,0.42,0.661269020860644,0.3,0.3
0.4,0.42,0.661269020860644,0.3,0.3
0.42,0.42,0.661269020860644,0.3,0.3
0.44,0.42,0.661269020860644,0.3,0.3
0.46,0.42,0.661269020860644,0.3,0.3
0.48,0.42,0.661269020860644,0.3,0.3
0.5,0.42,0.661269020860644,0.3,0.3
0.52,0.42,0.661269020860644,0.3,0.3
0.54,0.42,0.661269020860644,0.3,0.3
0.56,0.42,0.661269020860644,0.3,0.3
0.58,0.42,0.661269020860644,0.3,0.3
0.6,0.42,0.661269020860644,0.3,0.3
0.62,0.42,0.661269020860653,0.3,0.3
0.64,0.42,0.661269020860653,0.3,0.3
0.66,0.42,0.661269020860653,0.3,0.3
0.68,0.42,0.661269020860653,0.3,0.3
0.7,0.42,0.661269020860653,0.3,0.3
0.72,0.42,0.661269020860653,0.3,0.3
0.74,0.42,0.661269020860653,0.3,0.3
0.76,0.42,0.661269020860653,0.3,0.3
0.78,0.42,0.661269020860653,0.3,0.3
0.8,0.42,0.661269020860653,0.3,0.3
0.82,0.42,0.661269020860653,0.3,0.3
0.84,0.42,0.661269020860653,0.3,0.3
0,0.44,0.650824892234882,0.3,0.3
0.02,0.44,0.650824892234882,0.3,0.3
0.04,0.44,0.650824892234882,0.3,0.3
0.06,0.44,0.650824892234882,0.3,0.3
0.08,0.44,0.650824892234882,0.3,0.3
0.1,0.44,0.650824892234882,0.3,0.3
0.12,0.44,0.650824892234882,0.3,0.3
0.14,0.44,0.650824892234882,0.3,0.3
0.16,0.44,0.650824892234882,0.3,0.3
0.18,0.44,0.650824892234882,0.3,0.3
0.2,0.44,0.650824892234882,0.3,0.3
0.22,0.44,0.650824892234882,0.3,0.3
0.24,0.44,0.650824892234882,0.3,0.3
0.26,0.44,0.650824892234882,0.3,0.3
0.28,0.44,0.650824892234882,0.3,0.3
0.3,0.44,0.650824892234882,0.3,0.3
0.32,0.44,0.650824892234882,0.3,0.3
0.34,0.44,0.650824892234882,0.3,0.3
0.36,0.44,0.650824892234882,0.3,0.3
0.38,0.44,0.650824892234882,0.3,0.3
0.4,0.44,0.650824892234882,0.3,0.3
0.42,0.44,0.650824892234882,0.3,0.3
0.44,0.44,0.650824892234882,0.3,0.3
0.46,0.44,0.650824892234882,0.3,0.3
0.48,0.44,0.650824892234882,0.3,0.3
0.5,0.44,0.650824892234882,0.3,0.3
0.52,0.44,0.650824892234882,0.3,0.3
0.54,0.44,0.650824892234882,0.3,0.3
0.56,0.44,0.650824892234882,0.3,0.3
0.58,0.44,0.650824892234882,0.3,0.3
0.6,0.44,0.650824892234882,0.3,0.3
0.62,0.44,0.650824892234891,0.3,0.3
0.64,0.44,0.650824892234891,0.3,0.3
0.66,0.44,0.650824892234891,0.3,0.3
0.68,0.44,0.650824892234891,0.3,0.3
0.7,0.44,0.650824892234891,0.3,0.3
0.72,0.44,0.650824892234891,0.3,0.3
0.74,0.44,0.650824892234891,0.3,0.3
0.76,0.44,0.650824892234891,0.3,0.3
0.78,0.44,0.650824892234891,0.3,0.3
0.8,0.44,0.650824892234891,0.3,0.3
0.82,0.44,0.650824892234891,0.3,0.3
0.84,0.44,0.650824892234891,0.3,0.3
0,0.46,0.639094678866244,0.3,0.3
0.02,0.46,0.639094678866244,0.3,0.3
0.04,0.46,0.639094678866244,0.3,0.3
0.06,0.46,0.639094678866244,0.3,0.3
0.08,0.46,0.639094678866244,0.3,0.3
0.1,0.46,0.639094678866244,0.3,0.3
0.12,0.46,0.639094678866244,0.3,0.3
0.14,0.46,0.639094678866244,0.3,0.3
0.16,0.46,0.639094678866244,0.3,0.3
0.18,0.46,0.639094678866244,0.3,0.3
0.2,0.46,0.639094678866244,0.3,0.3
0.22,0.46,0.639094678866244,0.3,0.3
0.24,0.46,0.639094678866244,0.3,0.3
0.26,0.46,0.639094678866244,0.3,0.3
0.28,0.46,0.639094678866244,0.3,0.3
0.3,0.46,0.639094678866244,0.3,0.3
0.32,0.46,0.639094678866244,0.3,0.3
0.34,0.46,0.639094678866244,0.3,0.3
0.36,0.46,0.639094678866244,0.3,0.3
0.38,0.46,0.639094678866244,0.3,0.3
0.4,0.46,0.639094678866244,0.3,0.3
0.42,0.46,0.639094678866244,0.3,0.3
0.44,0.46,0.639094678866244,0.3,0.3
0.46,0.46,0.639094678866244,0.3,0.3
0.48,0.46,0.639094678866244,0.3,0.3
0.5,0.46,0.639094678866244,0.3,0.3
0.52,0.46,0.639094678866244,0.3,0.3
0.54,0.46,0.639094678866244,0.3,0.3
0.56,0.46,0.639094678866244,0.3,0.3
0.58,0.46,0.639094678866244,0.3,0.3
0.6,0.46,0.639094678866254,0.3,0.3
0.62,0.46,0.639094678866254,0.3,0.3
0.64,0.46,0.639094678866254,0.3,0.3
0.66,0.46,0.639094678866254,0.3,0.3
0.68,0.46,0.639094678866254,0.3,0.3
0.7,0.46,0.639094678866254,0.3,0.3
0.72,0.46,0.639094678866254,0.3,0.3
0.74,0.46,0.639094678866254,0.3,0.3
0.76,0.46,0.639094678866254,0.3,0.3
0.78,0.46,0.639094678866254,0.3,0.3
0.8,0.46,0.639094678866254,0.3,0.3
0.82,0.46,0.639094678866254,0.3,0.3
0.84,0.46,0.639094678866254,0.3,0.3
0,0.48,0.625817483802391,0.3,0.3
0.02,0.48,0.625817483802391,0.3,0.3
0.04,0.48,0.625817483802391,0.3,0.3
0.06,0.48,0.625817483802391,0.3,0.3
0.08,0.48,0.625817483802391,0.3,0.3
0.1,0.48,0.625817483802391,0.3,0.3
0.12,0.48,0.625817483802391,0.3,0.3
0.14,0.48,0.625817483802391,0.3,0.3
0.16,0.48,0.625817483802391,0.3,0.3
0.18,0.48,0.625817483802391,0.3,0.3
0.2,0.48,0.625817483802391,0.3,0.3
0.22,0.48,0.625817483802391,0.3,0.3
0.24,0.48,0.625817483802391,0.3,0.3
0.26,0.48,0.625817483802391,0.3,0.3
0.28,0.48,0.625817483802391,0.3,0.3
0.3,0.48,0.625817483802391,0.3,0.3
0.32,0.48,0.625817483802391,0.3,0.3
0.34,0.48,0.625817483802391,0.3,0.3
0.36,0.48,0.625817483802391,0.3,0.3
0.38,0.48,0.625817483802391,0.3,0.3
0.4,0.48,0.625817483802391,0.3,0.3
0.42,0.48,0.625817483802391,0.3,0.3
0.44,0.48,0.625817483802391,0.3,0.3
0.46,0.48,0.625817483802391,0.3,0.3
0.48,0.48,0.625817483802391,0.3,0.3
0.5,0.48,0.625817483802391,0.3,0.3
0.52,0.48,0.625817483802391,0.3,0.3
0.54,0.48,0.625817483802391,0.3,0.3
0.56,0.48,0.625817483802391,0.3,0.3
0.58,0.48,0.625817483802402,0.3,0.3
0.6,0.48,0.625817483802402,0.3,0.3
0.62,0.48,0.625817483802402,0.3,0.3
0.64,0.48,0.625817483802402,0.3,0.3
0.66,0.48,0.625817483802402,0.3,0.3
0.68,0.48,0.625817483802402,0.3,0.3
0.7,0.48,0.625817483802402,0.3,0.3
0.72,0.48,0.625817483802402,0.3,0.3
0.74,0.48,0.625817483802402,0.3,0.3
0.76,0.48,0.625817483802402,0.3,0.3
0.78,0.48,0.625817483802402,0.3,0.3
0.8,0.48,0.625817483802402,0.3,0.3
0.82,0.48,0.625817483802402,0.3,0.3
0.84,0.48,0.625817483802402,0.3,0.3
0,0.5,0.610655868038198,0.3,0.3
0.02,0.5,0.610655868038198,0.3,0.3
0.04,0.5,0.610655868038198,0.3,0.3
0.06,0.5,0.610655868038198,0.3,0.3
0.08,0.5,0.610655868038198,0.3,0.3
0.1,0.5,0.610655868038198,0.3,0.3
0.12,0.5,0.610655868038198,0.3,0.3
0.14,0.5,0.610655868038198,0.3,0.3
0.16,0.5,0.610655868038198,0.3,0.3
0.18,0.5,0.610655868038198,0.3,0.3
0.2,0.5,0.610655868038198,0.3,0.3
0.22,0.5,0.610655868038198,0.3,0.3
0.24,0.5,0.610655868038198,0.3,0.3
0.26,0.5,0.610655868038198,0.3,0.3
0.28,0.5,0.610655868038198,0.3,0.3
0.3,0.5,0.610655868038198,0.3,0.3
0.32,0.5,0.610655868038198,0.3,0.3
0.34,0.5,0.610655868038198,0.3,0.3
0.36,0.5,0.610655868038198,0.3,0.3
0.38,0.5,0.610655868038198,0.3,0.3
0.4,0.5,0.610655868038198,0.3,0.3
0.42,0.5,0.610655868038198,0.3,0.3
0.44,0.5,0.610655868038198,0.3,0.3
0.46,0.5,0.610655868038198,0.3,0.3
0.48,0.5,0.610655868038198,0.3,0.3
0.5,0.5,0.610655868038198,0.3,0.3
0.52,0.5,0.610655868038198,0.3,0.3
0.54,0.5,0.610655868038198,0.3,0.3
0.56,0.5,0.610655868038211,0.3,0.3
0.58,0.5,0.610655868038211,0.3,0.3
0.6,0.5,0.610655868038211,0.3,0.3
0.62,0.5,0.610655868038211,0.3,0.3
0.64,0.5,0.610655868038211,0.3,0.3
0.66,0.5,0.610655868038211,0.3,0.3
0.68,0.5,0.610655868038211,0.3,0.3
0.7,0.5,0.610655868038211,0.3,0.3
0.72,0.5,0.610655868038211,0.3,0.3
0.74,0.5,0.610655868038211,0.3,0.3
0.76,0.5,0.610655868038211,0.3,0.3
0.78,0.5,0.610655868038211,0.3,0.3
0.8,0.5,0.610655868038211,0.3,0.3
0.82,0.5,0.610655868038211,0.3,0.3
0.84,0.5,0.610655868038211,0.3,0.3
0,0.52,0.593166615919497,0.3,0.3
0.02,0.52,0.593166615919497,0.3,0.3
0.04,0.52,0.593166615919497,0.3,0.3
0.06,0.52,0.593166615919497,0.3,0.3
0.08,0.52,0.593166615919497,0.3,0.3
0.1,0.52,0.593166615919497,0.3,0.3
0.12,0.52,0.593166615919497,0.3,0.3
0.14,0.52,0.593166615919497,0.3,0.3
0.16,0.52,0.593166615919497,0.3,0.3
0.18,0.52,0.593166615919497,0.3,0.3
0.2,0.52,0.593166615919497,0.3,0.3
0.22,0.52,0.593166615919497,0.3,0.3
0.24,0.52,0.593166615919497,0.3,0.3
0.26,0.52,0.593166615919497,0.3,0.3
0.28,0.52,0.593166615919497,0.3,0.3
0.3,0.52,0.593166615919496,0.3,0.3
0.32,0.52,0.593166615919497,0.3,0.3
0.34,0.52,0.593166615919497,0.3,0.3
0.36,0.52,0.593166615919497,0.3,0.3
0.38,0.52,0.593166615919497,0.3,0.3
0.4,0.52,0.593166615919497,0.3,0.3
0.42,0.52,0.593166615919497,0.3,0.3
0.44,0.52,0.593166615919497,0.3,0.3
0.46,0.52,0.593166615919497,0.3,0.3
0.48,0.52,0.593166615919497,0.3,0.3
0.5,0.52,0.593166615919497,0.3,0.3
0.52,0.52,0.593166615919497,0.3,0.3
0.54,0.52,0.59316661591951,0.3,0.3
0.56,0.52,0.59316661591951,0.3,0.3
0.58,0.52,0.59316661591951,0.3,0.3
0.6,0.52,0.59316661591951,0.3,0.3
0.62,0.52,0.59316661591951,0.3,0.3
0.64,0.52,0.59316661591951,0.3,0.3
0.66,0.52,0.59316661591951,0.3,0.3
0.68,0.52,0.59316661591951,0.3,0.3
0.7,0.52,0.59316661591951,0.3,0.3
0.72,0.52,0.59316661591951,0.3,0.3
0.74,0.52,0.59316661591951,0.3,0.3
0.76,0.52,0.59316661591951,0.3,0.3
0.78,0.52,0.59316661591951,0.3,0.3
0.8,0.52,0.59316661591951,0.3,0.3
0.82,0.52,0.59316661591951,0.3,0.3
0.84,0.52,0.59316661591951,0.3,0.3
0,0.54,0.572759181529451,0.3,0.3
0.02,0.54,0.572759181529451,0.3,0.3
0.04,0.54,0.572759181529451,0.3,0.3
0.06,0.54,0.572759181529451,0.3,0.3
0.08,0.54,0.572759181529451,0.3,0.3
0.1,0.54,0.572759181529451,0.3,0.3
0.12,0.54,0.572759181529451,0.3,0.3
0.14,0.54,0.572759181529451,0.3,0.3
0.16,0.54,0.572759181529451,0.3,0.3
0.18,0.54,0.572759181529451,0.3,0.3
0.2,0.54,0.572759181529451,0.3,0.3
0.22,0.54,0.572759181529451,0.3,0.3
0.24,0.54,0.572759181529451,0.3,0.3
0.26,0.54,0.572759181529451,0.3,0.3
0.28,0.54,0.572759181529451,0.3,0.3
0.3,0.54,0.572759181529451,0.3,0.3
0.32,0.54,0.572759181529451,0.3,0.3
0.34,0.54,0.572759181529451,0.3,0.3
0.36,0.54,0.572759181529451,0.3,0.3
0.38,0.54,0.572759181529451,0.3,0.3
0.4,0.54,0.572759181529451,0.3,0.3
0.42,0.54,0.572759181529451,0.3,0.3
0.44,0.54,0.572759181529451,0.3,0.3
0.46,0.54,0.572759181529451,0.3,0.3
0.48,0.54,0.572759181529451,0.3,0.3
0.5,0.54,0.572759181529466,0.3,0.3
0.52,0.54,0.572759181529466,0.3,0.3
0.54,0.54,0.572759181529466,0.3,0.3
0.56,0.54,0.572759181529466,0.3,0.3
0.58,0.54,0.572759181529466,0.3,0.3
0.6,0.54,0.572759181529466,0.3,0.3
0.62,0.54,0.572759181529466,0.3,0.3
0.64,0.54,0.572759181529466,0.3,0.3
0.66,0.54,0.572759181529466,0.3,0.3
0.68,0.54,0.572759181529466,0.3,0.3
0.7,0.54,0.572759181529466,0.3,0.3
0.72,0.54,0.572759181529466,0.3,0.3
0.74,0.54,0.572759181529466,0.3,0.3
0.76,0.54,0.572759181529466,0.3,0.3
0.78,0.54,0.572759181529466,0.3,0.3
0.8,0.54,0.572759181529466,0.3,0.3
0.82,0.54,0.572759181529466,0.3,0.3
0.84,0.54,0.572759181529466,0.3,0.3
0,0.56,0.548639418997399,0.3,0.3
0.02,0.56,0.548639418997399,0.3,0.3
0.04,0.56,0.548639418997399,0.3,0.3
0.06,0.56,0.548639418997399,0.3,0.3
0.08,0.56,0.548639418997399,0.3,0.3
0.1,0.56,0.548639418997399,0.3,0.3
0.12,0.56,0.548639418997399,0.3,0.3
0.14,0.56,0.548639418997399,0.3,0.3
0.16,0.56,0.548639418997399,0.3,0.3
0.18,0.56,0.548639418997399,0.3,0.3
0.2,0.56,0.548639418997399,0.3,0.3
0.22,0.56,0.548639418997399,0.3,0.3
0.24,0.56,0.548639418997399,0.3,0.3
0.26,0.56,0.548639418997399,0.3,0.3
0.28,0.56,0.548639418997399,0.3,0.3
0.3,0.56,0.548639418997399,0.3,0.3
0.32,0.56,0.548639418997399,0.3,0.3
0.34,0.56,0.548639418997399,0.3,0.3
0.36,0.56,0.548639418997399,0.3,0.3
0.38,0.56,0.548639418997399,0.3,0.3
0.4,0.56,0.548639418997399,0.3,0.3
0.42,0.56,0.548639418997399,0.3,0.3
0.44,0.56,0.548639418997399,0.3,0.3
0.46,0.56,0.548639418997399,0.3,0.3
0.48,0.56,0.548639418997416,0.3,0.3
0.5,0.56,0.548639418997416,0.3,0.3
0.52,0.56,0.548639418997416,0.3,0.3
0.54,0.56,0.548639418997416,0.3,0.3
0.56,0.56,0.548639418997416,0.3,0.3
0.58,0.56,0.548639418997416,0.3,0.3
0.6,0.56,0.548639418997416,0.3,0.3
0.62,0.56,0.548639418997416,0.3,0.3
0.64,0.56,0.548639418997416,0.3,0.3
0.66,0.56,0.548639418997416,0.3,0.3
0.68,0.56,0.548639418997416,0.3,0.3
0.7,0.56,0.548639418997416,0.3,0.3
0.72,0.56,0.548639418997416,0.3,0.3
0.74,0.56,0.548639418997416,0.3,0.3
0.76,0.56,0.548639418997416,0.3,0.3
0.78,0.56,0.548639418997416,0.3,0.3
0.8,0.56,0.548639418997416,0.3,0.3
0.82,0.56,0.548639418997416,0.3,0.3
0.84,0.56,0.548639418997416,0.3,0.3
0,0.58,0.51974613039981,0.3,0.3
0.02,0.58,0.51974613039981,0.3,0.3
0.04,0.58,0.51974613039981,0.3,0.3
0.06,0.58,0.51974613039981,0.3,0.3
0.08,0.58,0.51974613039981,0.3,0.3
0.1,0.58,0.51974613039981,0.3,0.3
0.12,0.58,0.51974613039981,0.3,0.3
0.14,0.58,0.51974613039981,0.3,0.3
0.16,0.58,0.51974613039981,0.3,0.3
0.18,0.58,0.51974613039981,0.3,0.3
0.2,0.58,0.51974613039981,0.3,0.3
0.22,0.58,0.51974613039981,0.3,0.3
0.24,0.58,0.51974613039981,0.3,0.3
0.26,0.58,0.51974613039981,0.3,0.3
0.28,0.58,0.51974613039981,0.3,0.3
0.3,0.58,0.51974613039981,0.3,0.3
0.32,0.58,0.51974613039981,0.3,0.3
0.34,0.58,0.51974613039981,0.3,0.3
0.36,0.58,0.51974613039981,0.3,0.3
0.38,0.58,0.51974613039981,0.3,0.3
0.4,0.58,0.51974613039981,0.3,0.3
0.42,0.58,0.51974613039981,0.3,0.3
0.44,0.58,0.519746130399832,0.3,0.3
0.46,0.58,0.519746130399832,0.3,0.3
0.48,0.58,0.519746130399832,0.3,0.3
0.5,0.58,0.519746130399832,0.3,0.3
0.52,0.58,0.519746130399832,0.3,0.3
0.54,0.58,0.519746130399832,0.3,0.3
0.56,0.58,0.519746130399832,0.3,0.3
0.58,0.58,0.519746130399832,0.3,0.3
0.6,0.58,0.519746130399832,0.3,0.3
0.62,0.58,0.519746130399832,0.3,0.3
0.64,0.58,0.519746130399832,0.3,0.3
0.66,0.58,0.519746130399832,0.3,0.3
0.68,0.58,0.519746130399832,0.3,0.3
0.7,0.58,0.519746130399832,0.3,0.3
0.72,0.58,0.519746130399832,0.3,0.3
0.74,0.58,0.519746130399832,0.3,0.3
0.76,0.58,0.519746130399832,0.3,0.3
0.78,0.58,0.519746130399832,0.3,0.3
0.8,0.58,0.519746130399832,0.3,0.3
0.82,0.58,0.519746130399832,0.3,0.3
0.84,0.58,0.519746130399832,0.3,0.3
0,0.6,0.484732987472122,0.3,0.3
0.02,0.6,0.484732987472122,0.3,0.3
0.04,0.6,0.484732987472122,0.3,0.3
0.06,0.6,0.484732987472122,0.3,0.3
0.08,0.6,0.484732987472122,0.3,0.3
0.1,0.6,0.484732987472122,0.3,0.3
0.12,0.6,0.484732987472122,0.3,0.3
0.14,0.6,0.484732987472122,0.3,0.3
0.16,0.6,0.484732987472122,0.3,0.3
0.18,0.6,0.484732987472122,0.3,0.3
0.2,0.6,0.484732987472122,0.3,0.3
0.22,0.6,0.484732987472122,0.3,0.3
0.24,0.6,0.484732987472122,0.3,0.3
0.26,0.6,0.484732987472122,0.3,0.3
0.28,0.6,0.484732987472122,0.3,0.3
0.3,0.6,0.484732987472122,0.3,0.3
0.32,0.6,0.484732987472122,0.3,0.3
0.34,0.6,0.484732987472122,0.3,0.3
0.36,0.6,0.484732987472122,0.3,0.3
0.38,0.6,0.484732987472122,0.3,0.3
0.4,0.6,0.484732987472139,0.3,0.3
0.42,0.6,0.484732987472139,0.3,0.3
0.44,0.6,0.484732987472139,0.3,0.3
0.46,0.6,0.484732987472139,0.3,0.3
0.48,0.6,0.484732987472139,0.3,0.3
0.5,0.6,0.484732987472139,0.3,0.3
0.52,0.6,0.484732987472139,0.3,0.3
0.54,0.6,0.484732987472139,0.3,0.3
0.56,0.6,0.484732987472139,0.3,0.3
0.58,0.6,0.484732987472139,0.3,0.3
0.6,0.6,0.484732987472139,0.3,0.3
0.62,0.6,0.484732987472139,0.3,0.3
0.64,0.6,0.484732987472139,0.3,0.3
0.66,0.6,0.484732987472139,0.3,0.3
0.68,0.6,0.484732987472139,0.3,0.3
0.7,0.6,0.484732987472139,0.3,0.3
0.72,0.6,0.484732987472139,0.3,0.3
0.74,0.6,0.484732987472139,0.3,0.3
0.76,0.6,0.484732987472139,0.3,0.3
0.78,0.6,0.484732987472139,0.3,0.3
0.8,0.6,0.484732987472139,0.3,0.3
0.82,0.6,0.484732987472139,0.3,0.3
0.84,0.6,0.484732987472139,0.3,0.3
0,0.62,0.442208708137973,0.3,0.3
0.02,0.62,0.442208708138013,0.3,0.3
0.04,0.62,0.442208708138052,0.3,0.3
0.06,0.62,0.44220870813809,0.3,0.3
0.08,0.62,0.442208708138128,0.3,0.3
0.1,0.62,0.442208708138164,0.3,0.3
0.12,0.62,0.442208708138199,0.3,0.3
0.14,0.62,0.442208708138233,0.3,0.3
0.16,0.62,0.442208708138265,0.3,0.3
0.18,0.62,0.442208708138296,0.3,0.3
0.2,0.62,0.442208708138325,0.3,0.3
0.22,0.62,0.442208708138353,0.3,0.3
0.24,0.62,0.442208708138379,0.3,0.3
0.26,0.62,0.442208708138403,0.3,0.3
0.28,0.62,0.442208708138425,0.3,0.3
0.3,0.62,0.442208708138447,0.3,0.3
0.32,0.62,0.442208708138466,0.3,0.3
0.34,0.62,0.442208708138478,0.3,0.3
0.36,0.62,0.442208708138506,0.3,0.3
0.38,0.62,0.442208708138521,0.3,0.3
0.4,0.62,0.442208708138536,0.3,0.3
0.42,0.62,0.44220870813855,0.3,0.3
0.44,0.62,0.442208708138563,0.3,0.3
0.46,0.62,0.442208708138574,0.3,0.3
0.48,0.62,0.442208708138585,0.3,0.3
0.5,0.62,0.442208708138595,0.3,0.3
0.52,0.62,0.442208708138605,0.3,0.3
0.54,0.62,0.442208708138613,0.3,0.3
0.56,0.62,0.442208708138621,0.3,0.3
0.58,0.62,0.442208708138629,0.3,0.3
0.6,0.62,0.442208708138635,0.3,0.3
0.62,0.62,0.442208708138641,0.3,0.3
0.64,0.62,0.442208708138647,0.3,0.3
0.66,0.62,0.442208708138653,0.3,0.3
0.68,0.62,0.442208708138658,0.3,0.3
0.7,0.62,0.442208708138662,0.3,0.3
0.72,0.62,0.442208708138667,0.3,0.3
0.74,0.62,0.442208708138671,0.3,0.3
0.76,0.62,0.442208708138674,0.3,0.3
0.78,0.62,0.442208708138678,0.3,0.3
0.8,0.62,0.442208708138681,0.3,0.3
0.82,0.62,0.442208708138684,0.3,0.3
0.84,0.62,0.442208708138687,0.3,0.3
0,0.64,0.391817024121653,0.3,0.3
0.02,0.64,0.391817024122987,0.3,0.3
0.04,0.64,0.391817024124322,0.3,0.3
0.06,0.64,0.391817024125653,0.3,0.3
0.08,0.64,0.391817024126973,0.3,0.3
0.1,0.64,0.391817024128277,0.3,0.3
0.12,0.64,0.391817024129559,0.3,0.3
0.14,0.64,0.391817024130815,0.3,0.3
0.16,0.64,0.391817024132038,0.3,0.3
0.18,0.64,0.391817024133225,0.3,0.3
0.2,0.64,0.391817024134371,0.3,0.3
0.22,0.64,0.391817024135473,0.3,0.3
0.24,0.64,0.39181702413653,0.3,0.3
0.26,0.64,0.391817024137538,0.3,0.3
0.28,0.64,0.391817024138495,0.3,0.3
0.3,0.64,0.391817024139406,0.3,0.3
0.32,0.64,0.391817024140265,0.3,0.3
0.34,0.64,0.391817024141074,0.3,0.3
0.36,0.64,0.391817024141834,0.3,0.3
0.38,0.64,0.391817024142548,0.3,0.3
0.4,0.64,0.391817024143216,0.3,0.3
0.42,0.64,0.391817024143841,0.3,0.3
0.44,0.64,0.391817024144424,0.3,0.3
0.46,0.64,0.391817024144968,0.3,0.3
0.48,0.64,0.391817024145474,0.3,0.3
0.5,0.64,0.391817024145945,0.3,0.3
0.52,0.64,0.391817024146384,0.3,0.3
0.54,0.64,0.391817024146792,0.3,0.3
0.56,0.64,0.391817024147171,0.3,0.3
0.58,0.64,0.391817024147523,0.3,0.3
0.6,0.64,0.391817024147851,0.3,0.3
0.62,0.64,0.391817024148156,0.3,0.3
0.64,0.64,0.391817024148439,0.3,0.3
0.66,0.64,0.391817024148702,0.3,0.3
0.68,0.64,0.391817024148948,0.3,0.3
0.7,0.64,0.391817024149176,0.3,0.3
0.72,0.64,0.391817024149388,0.3,0.3
0.74,0.64,0.391817024149587,0.3,0.3
0.76,0.64,0.391817024149771,0.3,0.3
0.78,0.64,0.391817024149944,0.3,0.3
0.8,0.64,0.391817024150105,0.3,0.3
0.82,0.64,0.391817024150255,0.3,0.3
0.84,0.64,0.391817024150396,0.3,0.3
0,0.66,0.336514595583319,0.3,0.3
0.02,0.66,0.3365145955884,0.3,0.3
0.04,0.66,0.336514595593567,0.3,0.3
0.06,0.66,0.336514595598801,0.3,0.3
0.08,0.66,0.336514595604084,0.3,0.3
0.1,0.66,0.336514595609396,0.3,0.3
0.12,0.66,0.336514595614715,0.3,0.3
0.14,0.66,0.336514595620017,0.3,0.3
0.16,0.66,0.336514595625281,0.3,0.3
0.18,0.66,0.336514595630484,0.3,0.3
0.2,0.66,0.336514595635605,0.3,0.3
0.22,0.66,0.336514595640623,0.3,0.3
0.24,0.66,0.336514595645518,0.3,0.3
0.26,0.66,0.336514595650275,0.3,0.3
0.28,0.66,0.33651459565488,0.3,0.3
0.3,0.66,0.336514595659319,0.3,0.3
0.32,0.66,0.336514595663583,0.3,0.3
0.34,0.66,0.336514595667666,0.3,0.3
0.36,0.66,0.336514595671562,0.3,0.3
0.38,0.66,0.33651459567527,0.3,0.3
0.4,0.66,0.336514595678789,0.3,0.3
0.42,0.66,0.336514595682121,0.3,0.3
0.44,0.66,0.336514595685269,0.3,0.3
0.46,0.66,0.336514595688237,0.3,0.3
0.48,0.66,0.336514595691032,0.3,0.3
0.5,0.66,0.336514595693659,0.3,0.3
0.52,0.66,0.336514595696125,0.3,0.3
0.54,0.66,0.336514595698438,0.3,0.3
0.56,0.66,0.336514595700606,0.3,0.3
0.58,0.66,0.336514595702636,0.3,0.3
0.6,0.66,0.336514595704537,0.3,0.3
0.62,0.66,0.336514595706314,0.3,0.3
0.64,0.66,0.336514595707978,0.3,0.3
0.66,0.66,0.336514595709534,0.3,0.3
0.68,0.66,0.336514595710988,0.3,0.3
0.7,0.66,0.336514595712349,0.3,0.3
0.72,0.66,0.336514595713623,0.3,0.3
0.74,0.66,0.336514595714814,0.3,0.3
0.76,0.66,0.336514595715929,0.3,0.3
0.78,0.66,0.336514595716973,0.3,0.3
0.8,0.66,0.33651459571795,0.3,0.3
0.82,0.66,0.336514595718866,0.3,0.3
0.84,0.66,0.336514595719725,0.3,0.3
0,0.68,0.282967364975744,0.3,0.3
0.02,0.68,0.28296736497768,0.3,0.3
0.04,0.68,0.28296736497967,0.3,0.3
0.06,0.68,0.282967364981712,0.3,0.3
0.08,0.68,0.282967364983798,0.3,0.3
0.1,0.68,0.282967364985925,0.3,0.3
0.12,0.68,0.282967364988086,0.3,0.3
0.14,0.68,0.282967364990272,0.3,0.3
0.16,0.68,0.282967364992477,0.3,0.3
0.18,0.68,0.28296736499469,0.3,0.3
0.2,0.68,0.282967364996905,0.3,0.3
0.22,0.68,0.282967364999112,0.3,0.3
0.24,0.68,0.282967365001301,0.3,0.3
0.26,0.68,0.282967365003464,0.3,0.3
0.28,0.68,0.282967365005594,0.3,0.3
0.3,0.68,0.282967365007682,0.3,0.3
0.32,0.68,0.282967365009722,0.3,0.3
0.34,0.68,0.282967365011706,0.3,0.3
0.36,0.68,0.28296736501363,0.3,0.3
0.38,0.68,0.282967365015489,0.3,0.3
0.4,0.68,0.28296736501728,0.3,0.3
0.42,0.68,0.282967365019001,0.3,0.3
0.44,0.68,0.282967365020648,0.3,0.3
0.46,0.68,0.282967365022223,0.3,0.3
0.48,0.68,0.282967365023723,0.3,0.3
0.5,0.68,0.28296736502515,0.3,0.3
0.52,0.68,0.282967365026505,0.3,0.3
0.54,0.68,0.282967365027789,0.3,0.3
0.56,0.68,0.282967365029005,0.3,0.3
0.58,0.68,0.282967365030154,0.3,0.3
0.6,0.68,0.282967365031239,0.3,0.3
0.62,0.68,0.282967365032263,0.3,0.3
0.64,0.68,0.282967365033228,0.3,0.3
0.66,0.68,0.282967365034136,0.3,0.3
0.68,0.68,0.282967365034992,0.3,0.3
0.7,0.68,0.282967365035798,0.3,0.3
0.72,0.68,0.282967365036556,0.3,0.3
0.74,0.68,0.282967365037269,0.3,0.3
0.76,0.68,0.28296736503794,0.3,0.3
0.78,0.68,0.282967365038571,0.3,0.3
0.8,0.68,0.282967365039165,0.3,0.3
0.82,0.68,0.282967365039723,0.3,0.3
0.84,0.68,0.282967365040249,0.3,0.3
0,0.7,0.236631745513132,0.3,0.3
0.02,0.7,0.236631745513271,0.3,0.3
0.04,0.7,0.236631745513415,0.3,0.3
0.06,0.7,0.236631745513563,0.3,0.3
0.08,0.7,0.236631745513716,0.3,0.3
0.1,0.7,0.236631745513872,0.3,0.3
0.12,0.7,0.236631745514034,0.3,0.3
0.14,0.7,0.236631745514199,0.3,0.3
0.16,0.7,0.236631745514366,0.3,0.3
0.18,0.7,0.236631745514536,0.3,0.3
0.2,0.7,0.236631745514709,0.3,0.3
0.22,0.7,0.236631745514883,0.3,0.3
0.24,0.7,0.236631745515057,0.3,0.3
0.26,0.7,0.236631745515232,0.3,0.3
0.28,0.7,0.236631745515407,0.3,0.3
0.3,0.7,0.23663174551558,0.3,0.3
0.32,0.7,0.236631745515752,0.3,0.3
0.34,0.7,0.236631745515921,0.3,0.3
0.36,0.7,0.236631745516088,0.3,0.3
0.38,0.7,0.236631745516251,0.3,0.3
0.4,0.7,0.23663174551641,0.3,0.3
0.42,0.7,0.236631745516565,0.3,0.3
0.44,0.7,0.236631745516715,0.3,0.3
0.46,0.7,0.236631745516861,0.3,0.3
0.48,0.7,0.236631745517001,0.3,0.3
0.5,0.7,0.236631745517136,0.3,0.3
0.52,0.7,0.236631745517266,0.3,0.3
0.54,0.7,0.23663174551739,0.3,0.3
0.56,0.7,0.236631745517509,0.3,0.3
0.58,0.7,0.236631745517622,0.3,0.3
0.6,0.7,0.23663174551773,0.3,0.3
0.62,0.7,0.236631745517833,0.3,0.3
0.64,0.7,0.236631745517931,0.3,0.3
0.66,0.7,0.236631745518024,0.3,0.3
0.68,0.7,0.236631745518112,0.3,0.3
0.7,0.7,0.236631745518195,0.3,0.3
0.72,0.7,0.236631745518274,0.3,0.3
0.74,0.7,0.236631745518349,0.3,0.3
0.76,0.7,0.23663174551842,0.3,0.3
0.78,0.7,0.236631745518487,0.3,0.3
0.8,0.7,0.236631745518551,0.3,0.3
0.82,0.7,0.23663174551861,0.3,0.3
0.84,0.7,0.236631745518667,0.3,0.3
0,0.72,0.198601433532646,0.3,0.3
0.02,0.72,0.198601433532649,0.3,0.3
0.04,0.72,0.198601433532651,0.3,0.3
0.06,0.72,0.198601433532667,0.3,0.3
0.08,0.72,0.198601433532667,0.3,0.3
0.1,0.72,0.19860143353267,0.3,0.3
0.12,0.72,0.198601433532674,0.3,0.3
0.14,0.72,0.19860143353268,0.3,0.3
0.16,0.72,0.198601433532685,0.3,0.3
0.18,0.72,0.19860143353269,0.3,0.3
0.2,0.72,0.198601433532695,0.3,0.3
0.22,0.72,0.198601433532701,0.3,0.3
0.24,0.72,0.198601433532707,0.3,0.3
0.26,0.72,0.198601433532712,0.3,0.3
0.28,0.72,0.198601433532718,0.3,0.3
0.3,0.72,0.198601433532723,0.3,0.3
0.32,0.72,0.198601433532729,0.3,0.3
0.34,0.72,0.198601433532735,0.3,0.3
0.36,0.72,0.19860143353274,0.3,0.3
0.38,0.72,0.198601433532746,0.3,0.3
0.4,0.72,0.198601433532751,0.3,0.3
0.42,0.72,0.198601433532757,0.3,0.3
0.44,0.72,0.198601433532762,0.3,0.3
0.46,0.72,0.198601433532767,0.3,0.3
0.48,0.72,0.198601433532772,0.3,0.3
0.5,0.72,0.198601433532777,0.3,0.3
0.52,0.72,0.198601433532782,0.3,0.3
0.54,0.72,0.198601433532786,0.3,0.3
0.56,0.72,0.198601433532791,0.3,0.3
0.58,0.72,0.198601433532795,0.3,0.3
0.6,0.72,0.198601433532799,0.3,0.3
0.62,0.72,0.198601433532803,0.3,0.3
0.64,0.72,0.198601433532807,0.3,0.3
0.66,0.72,0.19860143353281,0.3,0.3
0.68,0.72,0.198601433532814,0.3,0.3
0.7,0.72,0.198601433532817,0.3,0.3
0.72,0.72,0.19860143353282,0.3,0.3
0.74,0.72,0.198601433532823,0.3,0.3
0.76,0.72,0.198601433532826,0.3,0.3
0.78,0.72,0.198601433532829,0.3,0.3
0.8,0.72,0.198601433532831,0.3,0.3
0.82,0.72,0.198601433532834,0.3,0.3
0.84,0.72,0.198601433532836,0.3,0.3
0,0.74,0.167591646273423,0.3,0.3
0.02,0.74,0.167591646273423,0.3,0.3
0.04,0.74,0.167591646273437,0.3,0.3
0.06,0.74,0.167591646273437,0.3,0.3
0.08,0.74,0.167591646273437,0.3,0.3
0.1,0.74,0.167591646273437,0.3,0.3
0.12,0.74,0.167591646273437,0.3,0.3
0.14,0.74,0.167591646273437,0.3,0.3
0.16,0.74,0.167591646273437,0.3,0.3
0.18,0.74,0.167591646273437,0.3,0.3
0.2,0.74,0.167591646273437,0.3,0.3
0.22,0.74,0.167591646273437,0.3,0.3
0.24,0.74,0.167591646273437,0.3,0.3
0.26,0.74,0.167591646273437,0.3,0.3
0.28,0.74,0.167591646273437,0.3,0.3
0.3,0.74,0.167591646273437,0.3,0.3
0.32,0.74,0.167591646273437,0.3,0.3
0.34,0.74,0.167591646273437,0.3,0.3
0.36,0.74,0.167591646273437,0.3,0.3
0.38,0.74,0.167591646273437,0.3,0.3
0.4,0.74,0.167591646273437,0.3,0.3
0.42,0.74,0.167591646273437,0.3,0.3
0.44,0.74,0.167591646273437,0.3,0.3
0.46,0.74,0.167591646273437,0.3,0.3
0.48,0.74,0.167591646273437,0.3,0.3
0.5,0.74,0.167591646273437,0.3,0.3
0.52,0.74,0.167591646273437,0.3,0.3
0.54,0.74,0.167591646273437,0.3,0.3
0.56,0.74,0.167591646273437,0.3,0.3
0.58,0.74,0.167591646273437,0.3,0.3
0.6,0.74,0.167591646273437,0.3,0.3
0.62,0.74,0.167591646273437,0.3,0.3
0.64,0.74,0.167591646273437,0.3,0.3
0.66,0.74,0.167591646273437,0.3,0.3
0.68,0.74,0.167591646273437,0.3,0.3
0.7,0.74,0.167591646273437,0.3,0.3
0.72,0.74,0.167591646273437,0.3,0.3
0.74,0.74,0.167591646273437,0.3,0.3
0.76,0.74,0.167591646273437,0.3,0.3
0.78,0.74,0.167591646273437,0.3,0.3
0.8,0.74,0.167591646273437,0.3,0.3
0.82,0.74,0.167591646273437,0.3,0.3
0.84,0.74,0.167591646273437,0.3,0.3
0,0.76,0.141983021150446,0.3,0.3
0.02,0.76,0.141983021150446,0.3,0.3
0.04,0.76,0.141983021150446,0.3,0.3
0.06,0.76,0.141983021150446,0.3,0.3
0.08,0.76,0.141983021150446,0.3,0.3
0.1,0.76,0.141983021150446,0.3,0.3
0.12,0.76,0.141983021150446,0.3,0.3
0.14,0.76,0.141983021150446,0.3,0.3
0.16,0.76,0.141983021150446,0.3,0.3
0.18,0.76,0.141983021150446,0.3,0.3
0.2,0.76,0.141983021150446,0.3,0.3
0.22,0.76,0.141983021150446,0.3,0.3
0.24,0.76,0.141983021150446,0.3,0.3
0.26,0.76,0.141983021150446,0.3,0.3
0.28,0.76,0.141983021150446,0.3,0.3
0.3,0.76,0.141983021150446,0.3,0.3
0.32,0.76,0.141983021150446,0.3,0.3
0.34,0.76,0.141983021150446,0.3,0.3
0.36,0.76,0.141983021150446,0.3,0.3
0.38,0.76,0.141983021150446,0.3,0.3
0.4,0.76,0.141983021150446,0.3,0.3
0.42,0.76,0.141983021150446,0.3,0.3
0.44,0.76,0.141983021150446,0.3,0.3
0.46,0.76,0.141983021150446,0.3,0.3
0.48,0.76,0.141983021150446,0.3,0.3
0.5,0.76,0.141983021150446,0.3,0.3
0.52,0.76,0.141983021150446,0.3,0.3
0.54,0.76,0.141983021150446,0.3,0.3
0.56,0.76,0.141983021150446,0.3,0.3
0.58,0.76,0.141983021150446,0.3,0.3
0.6,0.76,0.141983021150446,0.3,0.3
0.62,0.76,0.141983021150446,0.3,0.3
0.64,0.76,0.141983021150446,0.3,0.3
0.66,0.76,0.141983021150446,0.3,0.3
0.68,0.76,0.141983021150446,0.3,0.3
0.7,0.76,0.141983021150446,0.3,0.3
0.72,0.76,0.141983021150446,0.3,0.3
0.74,0.76,0.141983021150446,0.3,0.3
0.76,0.76,0.141983021150446,0.3,0.3
0.78,0.76,0.141983021150446,0.3,0.3
0.8,0.76,0.141983021150446,0.3,0.3
0.82,0.76,0.141983021150446,0.3,0.3
0.84,0.76,0.141983021150446,0.3,0.3
0,0.78,0.120464480343446,0.3,0.3
0.02,0.78,0.120464480343446,0.3,0.3
0.04,0.78,0.120464480343446,0.3,0.3
0.06,0.78,0.120464480343446,0.3,0.3
0.08,0.78,0.120464480343446,0.3,0.3
0.1,0.78,0.120464480343446,0.3,0.3
0.12,0.78,0.120464480343446,0.3,0.3
0.14,0.78,0.120464480343446,0.3,0.3
0.16,0.78,0.120464480343446,0.3,0.3
0.18,0.78,0.120464480343446,0.3,0.3
0.2,0.78,0.120464480343446,0.3,0.3
0.22,0.78,0.120464480343446,0.3,0.3
0.24,0.78,0.120464480343446,0.3,0.3
0.26,0.78,0.120464480343446,0.3,0.3
0.28,0.78,0.120464480343446,0.3,0.3
0.3,0.78,0.120464480343446,0.3,0.3
0.32,0.78,0.120464480343446,0.3,0.3
0.34,0.78,0.120464480343446,0.3,0.3
0.36,0.78,0.120464480343446,0.3,0.3
0.38,0.78,0.120464480343446,0.3,0.3
0.4,0.78,0.120464480343446,0.3,0.3
0.42,0.78,0.120464480343446,0.3,0.3
0.44,0.78,0.120464480343446,0.3,0.3
0.46,0.78,0.120464480343446,0.3,0.3
0.48,0.78,0.120464480343446,0.3,0.3
0.5,0.78,0.120464480343446,0.3,0.3
0.52,0.78,0.120464480343446,0.3,0.3
0.54,0.78,0.120464480343446,0.3,0.3
0.56,0.78,0.120464480343446,0.3,0.3
0.58,0.78,0.120464480343446,0.3,0.3
0.6,0.78,0.120464480343446,0.3,0.3
0.62,0.78,0.120464480343446,0.3,0.3
0.64,0.78,0.120464480343446,0.3,0.3
0.66,0.78,0.120464480343446,0.3,0.3
0.68,0.78,0.120464480343446,0.3,0.3
0.7,0.78,0.120464480343446,0.3,0.3
0.72,0.78,0.120464480343446,0.3,0.3
0.74,0.78,0.120464480343446,0.3,0.3
0.76,0.78,0.120464480343446,0.3,0.3
0.78,0.78,0.120464480343446,0.3,0.3
0.8,0.78,0.120464480343446,0.3,0.3
0.82,0.78,0.120464480343446,0.3,0.3
0.84,0.78,0.120464480343446,0.3,0.3
0,0.8,0.102077651148929,0.3,0.3
0.02,0.8,0.102077651148929,0.3,0.3
0.04,0.8,0.102077651148929,0.3,0.3
0.06,0.8,0.102077651148929,0.3,0.3
0.08,0.8,0.102077651148929,0.3,0.3
0.1,0.8,0.102077651148929,0.3,0.3
0.12,0.8,0.102077651148929,0.3,0.3
0.14,0.8,0.102077651148929,0.3,0.3
0.16,0.8,0.102077651148929,0.3,0.3
0.18,0.8,0.102077651148929,0.3,0.3
0.2,0.8,0.102077651148929,0.3,0.3
0.22,0.8,0.102077651148929,0.3,0.3
0.24,0.8,0.102077651148929,0.3,0.3
0.26,0.8,0.102077651148929,0.3,0.3
0.28,0.8,0.102077651148929,0.3,0.3
0.3,0.8,0.102077651148929,0.3,0.3
0.32,0.8,0.102077651148929,0.3,0.3
0.34,0.8,0.102077651148929,0.3,0.3
0.36,0.8,0.102077651148929,0.3,0.3
0.38,0.8,0.102077651148929,0.3,0.3
0.4,0.8,0.102077651148929,0.3,0.3
0.42,0.8,0.102077651148929,0.3,0.3
0.44,0.8,0.102077651148929,0.3,0.3
0.46,0.8,0.102077651148929,0.3,0.3
0.48,0.8,0.102077651148929,0.3,0.3
0.5,0.8,0.102077651148929,0.3,0.3
0.52,0.8,0.102077651148929,0.3,0.3
0.54,0.8,0.102077651148929,0.3,0.3
0.56,0.8,0.102077651148929,0.3,0.3
0.58,0.8,0.102077651148929,0.3,0.3
0.6,0.8,0.102077651148929,0.3,0.3
0.62,0.8,0.102077651148929,0.3,0.3
0.64,0.8,0.102077651148929,0.3,0.3
0.66,0.8,0.102077651148929,0.3,0.3
0.68,0.8,0.102077651148929,0.3,0.3
0.7,0.8,0.102077651148929,0.3,0.3
0.72,0.8,0.102077651148929,0.3,0.3
0.74,0.8,0.102077651148929,0.3,0.3
0.76,0.8,0.102077651148929,0.3,0.3
0.78,0.8,0.102077651148929,0.3,0.3
0.8,0.8,0.102077651148929,0.3,0.3
0.82,0.8,0.102077651148929,0.3,0.3
0.84,0.8,0.102077651148929,0.3,0.3
0,0.82,0.0861344740105799,0.3,0.3
0.02,0.82,0.0861344740105799,0.3,0.3
0.04,0.82,0.0861344740105799,0.3,0.3
0.06,0.82,0.0861344740105799,0.3,0.3
0.08,0.82,0.0861344740105799,0.3,0.3
0.1,0.82,0.0861344740105799,0.3,0.3
0.12,0.82,0.0861344740105799,0.3,0.3
0.14,0.82,0.0861344740105799,0.3,0.3
0.16,0.82,0.0861344740105799,0.3,0.3
0.18,0.82,0.0861344740105799,0.3,0.3
0.2,0.82,0.0861344740105799,0.3,0.3
0.22,0.82,0.0861344740105799,0.3,0.3
0.24,0.82,0.0861344740105799,0.3,0.3
0.26,0.82,0.0861344740105799,0.3,0.3
0.28,0.82,0.0861344740105799,0.3,0.3
0.3,0.82,0.0861344740105799,0.3,0.3
0.32,0.82,0.0861344740105799,0.3,0.3
0.34,0.82,0.0861344740105799,0.3,0.3
0.36,0.82,0.0861344740105799,0.3,0.3
0.38,0.82,0.0861344740105799,0.3,0.3
0.4,0.82,0.0861344740105799,0.3,0.3
0.42,0.82,0.0861344740105799,0.3,0.3
0.44,0.82,0.0861344740105799,0.3,0.3
0.46,0.82,0.0861344740105799,0.3,0.3
0.48,0.82,0.0861344740105799,0.3,0.3
0.5,0.82,0.0861344740105799,0.3,0.3
0.52,0.82,0.0861344740105799,0.3,0.3
0.54,0.82,0.0861344740105799,0.3,0.3
0.56,0.82,0.0861344740105799,0.3,0.3
0.58,0.82,0.0861344740105799,0.3,0.3
0.6,0.82,0.0861344740105799,0.3,0.3
0.62,0.82,0.0861344740105799,0.3,0.3
0.64,0.82,0.0861344740105799,0.3,0.3
0.66,0.82,0.0861344740105799,0.3,0.3
0.68,0.82,0.0861344740105799,0.3,0.3
0.7,0.82,0.0861344740105799,0.3,0.3
0.72,0.82,0.0861344740105799,0.3,0.3
0.74,0.82,0.0861344740105799,0.3,0.3
0.76,0.82,0.0861344740105799,0.3,0.3
0.78,0.82,0.0861344740105799,0.3,0.3
0.8,0.82,0.0861344740105799,0.3,0.3
0.82,0.82,0.0861344740105799,0.3,0.3
0.84,0.82,0.0861344740105799,0.3,0.3
0,0.84,0.0721364589922427,0.3,0.3
0.02,0.84,0.0721364589922427,0.3,0.3
0.04,0.84,0.0721364589922427,0.3,0.3
0.06,0.84,0.0721364589922427,0.3,0.3
0.08,0.84,0.0721364589922427,0.3,0.3
0.1,0.84,0.0721364589922427,0.3,0.3
0.12,0.84,0.0721364589922427,0.3,0.3
0.14,0.84,0.0721364589922427,0.3,0.3
0.16,0.84,0.0721364589922427,0.3,0.3
0.18,0.84,0.0721364589922427,0.3,0.3
0.2,0.84,0.0721364589922427,0.3,0.3
0.22,0.84,0.0721364589922427,0.3,0.3
0.24,0.84,0.0721364589922427,0.3,0.3
0.26,0.84,0.0721364589922427,0.3,0.3
0.28,0.84,0.0721364589922427,0.3,0.3
0.3,0.84,0.0721364589922427,0.3,0.3
0.32,0.84,0.0721364589922427,0.3,0.3
0.34,0.84,0.0721364589922427,0.3,0.3
0.36,0.84,0.0721364589922427,0.3,0.3
0.38,0.84,0.0721364589922427,0.3,0.3
0.4,0.84,0.0721364589922427,0.3,0.3
0.42,0.84,0.0721364589922427,0.3,0.3
0.44,0.84,0.0721364589922427,0.3,0.3
0.46,0.84,0.0721364589922427,0.3,0.3
0.48,0.84,0.0721364589922427,0.3,0.3
0.5,0.84,0.0721364589922427,0.3,0.3
0.52,0.84,0.0721364589922427,0.3,0.3
0.54,0.84,0.0721364589922427,0.3,0.3
0.56,0.84,0.0721364589922427,0.3,0.3
0.58,0.84,0.0721364589922427,0.3,0.3
0.6,0.84,0.0721364589922427,0.3,0.3
0.62,0.84,0.0721364589922427,0.3,0.3
0.64,0.84,0.0721364589922427,0.3,0.3
0.66,0.84,0.0721364589922427,0.3,0.3
0.68,0.84,0.0721364589922427,0.3,0.3
0.7,0.84,0.0721364589922427,0.3,0.3
0.72,0.84,0.0721364589922427,0.3,0.3
0.74,0.84,0.0721364589922427,0.3,0.3
0.76,0.84,0.0721364589922427,0.3,0.3
0.78,0.84,0.0721364589922427,0.3,0.3
0.8,0.84,0.0721364589922427,0.3,0.3
0.82,0.84,0.0721364589922427,0.3,0.3
0.84,0.84,0.0721364589922427,0.3,0.3
0,0.86,0.0597160051986553,0.3,0.3
0.02,0.86,0.0597160051986553,0.3,0.3
0.04,0.86,0.0597160051986553,0.3,0.3
0.06,0.86,0.0597160051986553,0.3,0.3
0.08,0.86,0.0597160051986553,0.3,0.3
0.1,0.86,0.0597160051986553,0.3,0.3
0.12,0.86,0.0597160051986553,0.3,0.3
0.14,0.86,0.0597160051986553,0.3,0.3
0.16,0.86,0.0597160051986553,0.3,0.3
0.18,0.86,0.0597160051986553,0.3,0.3
0.2,0.86,0.0597160051986553,0.3,0.3
0.22,0.86,0.0597160051986553,0.3,0.3
0.24,0.86,0.0597160051986553,0.3,0.3
0.26,0.86,0.0597160051986553,0.3,0.3
0.28,0.86,0.0597160051986553,0.3,0.3
0.3,0.86,0.0597160051986553,0.3,0.3
0.32,0.86,0.0597160051986553,0.3,0.3
0.34,0.86,0.0597160051986553,0.3,0.3
0.36,0.86,0.0597160051986553,0.3,0.3
0.38,0.86,0.0597160051986553,0.3,0.3
0.4,0.86,0.0597160051986553,0.3,0.3
0.42,0.86,0.0597160051986553,0.3,0.3
0.44,0.86,0.0597160051986553,0.3,0.3
0.46,0.86,0.0597160051986553,0.3,0.3
0.48,0.86,0.0597160051986553,0.3,0.3
0.5,0.86,0.0597160051986553,0.3,0.3
0.52,0.86,0.0597160051986553,0.3,0.3
0.54,0.86,0.0597160051986553,0.3,0.3
0.56,0.86,0.0597160051986553,0.3,0.3
0.58,0.86,0.0597160051986553,0.3,0.3
0.6,0.86,0.0597160051986553,0.3,0.3
0.62,0.86,0.0597160051986553,0.3,0.3
0.64,0.86,0.0597160051986553,0.3,0.3
0.66,0.86,0.0597160051986553,0.3,0.3
0.68,0.86,0.0597160051986553,0.3,0.3
0.7,0.86,0.0597160051986553,0.3,0.3
0.72,0.86,0.0597160051986553,0.3,0.3
0.74,0.86,0.0597160051986553,0.3,0.3
0.76,0.86,0.0597160051986553,0.3,0.3
0.78,0.86,0.0597160051986553,0.3,0.3
0.8,0.86,0.0597160051986553,0.3,0.3
0.82,0.86,0.0597160051986553,0.3,0.3
0.84,0.86,0.0597160051986553,0.3,0.3
0,0.88,0.0485966503006089,0.3,0.3
0.02,0.88,0.0485966503006089,0.3,0.3
0.04,0.88,0.0485966503006089,0.3,0.3
0.06,0.88,0.0485966503006089,0.3,0.3
0.08,0.88,0.0485966503006089,0.3,0.3
0.1,0.88,0.0485966503006089,0.3,0.3
0.12,0.88,0.0485966503006089,0.3,0.3
0.14,0.88,0.0485966503006089,0.3,0.3
0.16,0.88,0.0485966503006089,0.3,0.3
0.18,0.88,0.0485966503006089,0.3,0.3
0.2,0.88,0.0485966503006089,0.3,0.3
0.22,0.88,0.0485966503006089,0.3,0.3
0.24,0.88,0.0485966503006089,0.3,0.3
0.26,0.88,0.0485966503006089,0.3,0.3
0.28,0.88,0.0485966503006089,0.3,0.3
0.3,0.88,0.0485966503006089,0.3,0.3
0.32,0.88,0.0485966503006089,0.3,0.3
0.34,0.88,0.0485966503006089,0.3,0.3
0.36,0.88,0.0485966503006089,0.3,0.3
0.38,0.88,0.0485966503006089,0.3,0.3
0.4,0.88,0.0485966503006089,0.3,0.3
0.42,0.88,0.0485966503006089,0.3,0.3
0.44,0.88,0.0485966503006089,0.3,0.3
0.46,0.88,0.0485966503006089,0.3,0.3
0.48,0.88,0.0485966503006089,0.3,0.3
0.5,0.88,0.0485966503006089,0.3,0.3
0.52,0.88,0.0485966503006089,0.3,0.3
0.54,0.88,0.0485966503006089,0.3,0.3
0.56,0.88,0.0485966503006089,0.3,0.3
0.58,0.88,0.0485966503006089,0.3,0.3
0.6,0.88,0.0485966503006089,0.3,0.3
0.62,0.88,0.0485966503006089,0.3,0.3
0.64,0.88,0.0485966503006089,0.3,0.3
0.66,0.88,0.0485966503006089,0.3,0.3
0.68,0.88,0.0485966503006089,0.3,0.3
0.7,0.88,0.0485966503006089,0.3,0.3
0.72,0.88,0.0485966503006089,0.3,0.3
0.74,0.88,0.0485966503006089,0.3,0.3
0.76,0.88,0.0485966503006089,0.3,0.3
0.78,0.88,0.0485966503006089,0.3,0.3
0.8,0.88,0.0485966503006089,0.3,0.3
0.82,0.88,0.0485966503006089,0.3,0.3
0.84,0.88,0.0485966503006089,0.3,0.3
0,0.9,0.038566461493341,0.3,0.3
0.02,0.9,0.038566461493341,0.3,0.3
0.04,0.9,0.038566461493341,0.3,0.3
0.06,0.9,0.038566461493341,0.3,0.3
0.08,0.9,0.038566461493341,0.3,0.3
0.1,0.9,0.038566461493341,0.3,0.3
0.12,0.9,0.038566461493341,0.3,0.3
0.14,0.9,0.038566461493341,0.3,0.3
0.16,0.9,0.038566461493341,0.3,0.3
0.18,0.9,0.038566461493341,0.3,0.3
0.2,0.9,0.038566461493341,0.3,0.3
0.22,0.9,0.038566461493341,0.3,0.3
0.24,0.9,0.038566461493341,0.3,0.3
0.26,0.9,0.038566461493341,0.3,0.3
0.28,0.9,0.038566461493341,0.3,0.3
0.3,0.9,0.038566461493341,0.3,0.3
0.32,0.9,0.038566461493341,0.3,0.3
0.34,0.9,0.038566461493341,0.3,0.3
0.36,0.9,0.038566461493341,0.3,0.3
0.38,0.9,0.038566461493341,0.3,0.3
0.4,0.9,0.038566461493341,0.3,0.3
0.42,0.9,0.038566461493341,0.3,0.3
0.44,0.9,0.038566461493341,0.3,0.3
0.46,0.9,0.038566461493341,0.3,0.3
0.48,0.9,0.038566461493341,0.3,0.3
0.5,0.9,0.038566461493341,0.3,0.3
0.52,0.9,0.038566461493341,0.3,0.3
0.54,0.9,0.038566461493341,0.3,0.3
0.56,0.9,0.038566461493341,0.3,0.3
0.58,0.9,0.038566461493341,0.3,0.3
0.6,0.9,0.038566461493341,0.3,0.3
0.62,0.9,0.038566461493341,0.3,0.3
0.64,0.9,0.038566461493341,0.3,0.3
0.66,0.9,0.038566461493341,0.3,0.3
0.68,0.9,0.038566461493341,0.3,0.3
0.7,0.9,0.038566461493341,0.3,0.3
0.72,0.9,0.038566461493341,0.3,0.3
0.74,0.9,0.038566461493341,0.3,0.3
0.76,0.9,0.038566461493341,0.3,0.3
0.78,0.9,0.038566461493341,0.3,0.3
0.8,0.9,0.038566461493341,0.3,0.3
0.82,0.9,0.038566461493341,0.3,0.3
0.84,0.9,0.038566461493341,0.3,0.3
0,0.92,0.0294600740959304,0.3,0.3
0.02,0.92,0.0294600740959304,0.3,0.3
0.04,0.92,0.0294600740959304,0.3,0.3
0.06,0.92,0.0294600740959304,0.3,0.3
0.08,0.92,0.0294600740959304,0.3,0.3
0.1,0.92,0.0294600740959304,0.3,0.3
0.12,0.92,0.0294600740959304,0.3,0.3
0.14,0.92,0.0294600740959304,0.3,0.3
0.16,0.92,0.0294600740959304,0.3,0.3
0.18,0.92,0.0294600740959304,0.3,0.3
0.2,0.92,0.0294600740959304,0.3,0.3
0.22,0.92,0.0294600740959304,0.3,0.3
0.24,0.92,0.0294600740959304,0.3,0.3
0.26,0.92,0.0294600740959304,0.3,0.3
0.28,0.92,0.0294600740959304,0.3,0.3
0.3,0.92,0.0294600740959304,0.3,0.3
0.32,0.92,0.0294600740959304,0.3,0.3
0.34,0.92,0.0294600740959304,0.3,0.3
0.36,0.92,0.0294600740959304,0.3,0.3
0.38,0.92,0.0294600740959304,0.3,0.3
0.4,0.92,0.0294600740959304,0.3,0.3
0.42,0.92,0.0294600740959304,0.3,0.3
0.44,0.92,0.0294600740959304,0.3,0.3
0.46,0.92,0.0294600740959304,0.3,0.3
0.48,0.92,0.0294600740959304,0.3,0.3
0.5,0.92,0.0294600740959304,0.3,0.3
0.52,0.92,0.0294600740959304,0.3,0.3
0.54,0.92,0.0294600740959304,0.3,0.3
0.56,0.92,0.0294600740959304,0.3,0.3
0.58,0.92,0.0294600740959304,0.3,0.3
0.6,0.92,0.0294600740959304,0.3,0.3
0.62,0.92,0.0294600740959304,0.3,0.3
0.64,0.92,0.0294600740959304,0.3,0.3
0.66,0.92,0.0294600740959304,0.3,0.3
0.68,0.92,0.0294600740959304,0.3,0.3
0.7,0.92,0.0294600740959304,0.3,0.3
0.72,0.92,0.0294600740959304,0.3,0.3
0.74,0.92,0.0294600740959304,0.3,0.3
0.76,0.92,0.0294600740959304,0.3,0.3
0.78,0.92,0.0294600740959304,0.3,0.3
0.8,0.92,0.0294600740959304,0.3,0.3
0.82,0.92,0.0294600740959304,0.3,0.3
0.84,0.92,0.0294600740959304,0.3,0.3
0,0.94,0.0211463745577303,0.3,0.3
0.02,0.94,0.0211463745577303,0.3,0.3
0.04,0.94,0.0211463745577303,0.3,0.3
0.06,0.94,0.0211463745577303,0.3,0.3
0.08,0.94,0.0211463745577303,0.3,0.3
0.1,0.94,0.0211463745577303,0.3,0.3
0.12,0.94,0.0211463745577303,0.3,0.3
0.14,0.94,0.0211463745577303,0.3,0.3
0.16,0.94,0.0211463745577303,0.3,0.3
0.18,0.94,0.0211463745577303,0.3,0.3
0.2,0.94,0.0211463745577303,0.3,0.3
0.22,0.94,0.0211463745577303,0.3,0.3
0.24,0.94,0.0211463745577303,0.3,0.3
0.26,0.94,0.0211463745577303,0.3,0.3
0.28,0.94,0.0211463745577303,0.3,0.3
0.3,0.94,0.0211463745577303,0.3,0.3
0.32,0.94,0.0211463745577303,0.3,0.3
0.34,0.94,0.0211463745577303,0.3,0.3
0.36,0.94,0.0211463745577303,0.3,0.3
0.38,0.94,0.0211463745577303,0.3,0.3
0.4,0.94,0.0211463745577303,0.3,0.3
0.42,0.94,0.0211463745577303,0.3,0.3
0.44,0.94,0.0211463745577303,0.3,0.3
0.46,0.94,0.0211463745577303,0.3,0.3
0.48,0.94,0.0211463745577303,0.3,0.3
0.5,0.94,0.0211463745577303,0.3,0.3
0.52,0.94,0.0211463745577303,0.3,0.3
0.54,0.94,0.0211463745577303,0.3,0.3
0.56,0.94,0.0211463745577303,0.3,0.3
0.58,0.94,0.0211463745577303,0.3,0.3
0.6,0.94,0.0211463745577303,0.3,0.3
0.62,0.94,0.0211463745577303,0.3,0.3
0.64,0.94,0.0211463745577303,0.3,0.3
0.66,0.94,0.0211463745577303,0.3,0.3
0.68,0.94,0.0211463745577303,0.3,0.3
0.7,0.94,0.0211463745577303,0.3,0.3
0.72,0.94,0.0211463745577303,0.3,0.3
0.74,0.94,0.0211463745577303,0.3,0.3
0.76,0.94,0.0211463745577303,0.3,0.3
0.78,0.94,0.0211463745577303,0.3,0.3
0.8,0.94,0.0211463745577303,0.3,0.3
0.82,0.94,0.0211463745577303,0.3,0.3
0.84,0.94,0.0211463745577303,0.3,0.3
0,0.96,0.0135198993240082,0.3,0.3
0.02,0.96,0.0135198993240082,0.3,0.3
0.04,0.96,0.0135198993240082,0.3,0.3
0.06,0.96,0.0135198993240082,0.3,0.3
0.08,0.96,0.0135198993240082,0.3,0.3
0.1,0.96,0.0135198993240082,0.3,0.3
0.12,0.96,0.0135198993240082,0.3,0.3
0.14,0.96,0.0135198993240082,0.3,0.3
0.16,0.96,0.0135198993240082,0.3,0.3
0.18,0.96,0.0135198993240082,0.3,0.3
0.2,0.96,0.0135198993240082,0.3,0.3
0.22,0.96,0.0135198993240082,0.3,0.3
0.24,0.96,0.0135198993240082,0.3,0.3
0.26,0.96,0.0135198993240082,0.3,0.3
0.28,0.96,0.0135198993240082,0.3,0.3
0.3,0.96,0.0135198993240082,0.3,0.3
0.32,0.96,0.0135198993240082,0.3,0.3
0.34,0.96,0.0135198993240082,0.3,0.3
0.36,0.96,0.0135198993240082,0.3,0.3
0.38,0.96,0.0135198993240082,0.3,0.3
0.4,0.96,0.0135198993240082,0.3,0.3
0.42,0.96,0.0135198993240082,0.3,0.3
0.44,0.96,0.0135198993240082,0.3,0.3
0.46,0.96,0.0135198993240082,0.3,0.3
0.48,0.96,0.0135198993240082,0.3,0.3
0.5,0.96,0.0135198993240082,0.3,0.3
0.52,0.96,0.0135198993240082,0.3,0.3
0.54,0.96,0.0135198993240082,0.3,0.3
0.56,0.96,0.0135198993240082,0.3,0.3
0.58,0.96,0.0135198993240082,0.3,0.3
0.6,0.96,0.0135198993240082,0.3,0.3
0.62,0.96,0.0135198993240082,0.3,0.3
0.64,0.96,0.0135198993240082,0.3,0.3
0.66,0.96,0.0135198993240082,0.3,0.3
0.68,0.96,0.0135198993240082,0.3,0.3
0.7,0.96,0.0135198993240082,0.3,0.3
0.72,0.96,0.0135198993240082,0.3,0.3
0.74,0.96,0.0135198993240082,0.3,0.3
0.76,0.96,0.0135198993240082,0.3,0.3
0.78,0.96,0.0135198993240082,0.3,0.3
0.8,0.96,0.0135198993240082,0.3,0.3
0.82,0.96,0.0135198993240082,0.3,0.3
0.84,0.96,0.0135198993240082,0.3,0.3
0,0.98,0.00649471714072092,0.3,0.3
0.02,0.98,0.00649471714102792,0.3,0.3
0.04,0.98,0.00649471714133167,0.3,0.3
0.06,0.98,0.00649471714163271,0.3,0.3
0.08,0.98,0.00649471714193111,0.3,0.3
0.1,0.98,0.0064947171422269,0.3,0.3
0.12,0.98,0.00649471714252035,0.3,0.3
0.14,0.98,0.00649471714281143,0.3,0.3
0.16,0.98,0.00649471714310047,0.3,0.3
0.18,0.98,0.00649471714338745,0.3,0.3
0.2,0.98,0.00649471714367224,0.3,0.3
0.22,0.98,0.00649471714395519,0.3,0.3
0.24,0.98,0.00649471714423613,0.3,0.3
0.26,0.98,0.00649471714451502,0.3,0.3
0.28,0.98,0.00649471714479193,0.3,0.3
0.3,0.98,0.00649471714506693,0.3,0.3
0.32,0.98,0.00649471714533977,0.3,0.3
0.34,0.98,0.00649471714561072,0.3,0.3
0.36,0.98,0.00649471714587936,0.3,0.3
0.38,0.98,0.00649471714614572,0.3,0.3
0.4,0.98,0.00649471714640988,0.3,0.3
0.42,0.98,0.00649471714667172,0.3,0.3
0.44,0.98,0.00649471714693089,0.3,0.3
0.46,0.98,0.00649471714718748,0.3,0.3
0.48,0.98,0.00649471714744136,0.3,0.3
0.5,0.98,0.00649471714769238,0.3,0.3
0.52,0.98,0.00649471714794043,0.3,0.3
0.54,0.98,0.0064947171481854,0.3,0.3
0.56,0.98,0.00649471714842715,0.3,0.3
0.58,0.98,0.0064947171486655,0.3,0.3
0.6,0.98,0.00649471714890049,0.3,0.3
0.62,0.98,0.00649471714913186,0.3,0.3
0.64,0.98,0.00649471714935948,0.3,0.3
0.66,0.98,0.00649471714958328,0.3,0.3
0.68,0.98,0.00649471714980315,0.3,0.3
0.7,0.98,0.00649471715001896,0.3,0.3
0.72,0.98,0.00649471715023072,0.3,0.3
0.74,0.98,0.00649471715043823,0.3,0.3
0.76,0.98,0.00649471715064151,0.3,0.3
0.78,0.98,0.00649471715084032,0.3,0.3
0.8,0.98,0.00649471715103491,0.3,0.3
0.82,0.98,0.00649471715122494,0.3,0.3
0.84,0.98,0.0064947171514105,0.3,0.3
0,1,0.000318668363308288,0.3,0.3
0.02,1,0.000318808425726261,0.3,0.3
0.04,1,0.000318946105054273,0.3,0.3
0.06,1,0.000319081531025923,0.3,0.3
0.08,1,0.000319214818878241,0.3,0.3
0.1,1,0.000319346070937753,0.3,0.3
0.12,1,0.000319475377710937,0.3,0.3
0.14,1,0.000319602818871547,0.3,0.3
0.16,1,0.000319728463911102,0.3,0.3
0.18,1,0.000319852373040736,0.3,0.3
0.2,1,0.000319974597959936,0.3,0.3
0.22,1,0.000320095182306953,0.3,0.3
0.24,1,0.000320214162281711,0.3,0.3
0.26,1,0.000320331566989532,0.3,0.3
0.28,1,0.000320447419359674,0.3,0.3
0.3,1,0.000320561736180115,0.3,0.3
0.32,1,0.000320674528610372,0.3,0.3
0.34,1,0.000320785803152378,0.3,0.3
0.36,1,0.000320895561424412,0.3,0.3
0.38,1,0.000321003800726883,0.3,0.3
0.4,1,0.00032111051498021,0.3,0.3
0.42,1,0.000321215694344982,0.3,0.3
0.44,1,0.000321319326535531,0.3,0.3
0.46,1,0.000321421396315195,0.3,0.3
0.48,1,0.000321521886512906,0.3,0.3
0.5,1,0.000321620776111488,0.3,0.3
0.52,1,0.000321718050042016,0.3,0.3
0.54,1,0.000321813685002873,0.3,0.3
0.56,1,0.000321907659811057,0.3,0.3
0.58,1,0.000321999953085498,0.3,0.3
0.6,1,0.000322090546254492,0.3,0.3
0.62,1,0.000322179413777558,0.3,0.3
0.64,1,0.000322266543130899,0.3,0.3
0.66,1,0.000322351910981357,0.3,0.3
0.68,1,0.000322435506895649,0.3,0.3
0.7,1,0.000322517311080456,0.3,0.3
0.72,1,0.000322597315867841,0.3,0.3
0.74,1,0.00032267551026314,0.3,0.3
0.76,1,0.000322751887330908,0.3,0.3
0.78,1,0.000322826442373922,0.3,0.3
0.8,1,0.000322899173935111,0.3,0.3
0.82,1,0.000322970083581658,0.3,0.3
0.84,1,0.000323039173553261,0.3,0.3
