"Initial_Coral","Fishing_Pressure","Final_Coral","gamma"
0,0,0.0663112058776992,0.6
0.02,0,0.0663112058776992,0.6
0.04,0,0.0663112058777048,0.6
0.06,0,0.0663112058777048,0.6
0.08,0,0.0663112058777048,0.6
0.1,0,0.0663112058777048,0.6
0.12,0,0.0663112058777048,0.6
0.14,0,0.0663112058777048,0.6
0.16,0,0.0663112058777048,0.6
0.18,0,0.0663112058777048,0.6
0.2,0,0.0663112058777048,0.6
0.22,0,0.0663112058777048,0.6
0.24,0,0.0663112058777048,0.6
0.26,0,0.0663112058777048,0.6
0.28,0,0.0663112058777048,0.6
0.3,0,0.0663112058777048,0.6
0.32,0,0.0663112058777048,0.6
0.34,0,0.0663112058777048,0.6
0.36,0,0.0663112058777048,0.6
0.38,0,0.679397567235967,0.6
0.4,0,0.679397567235967,0.6
0.42,0,0.679397567235967,0.6
0.44,0,0.679397567235967,0.6
0.46,0,0.679397567235967,0.6
0.48,0,0.679397567235967,0.6
0.5,0,0.679397567235967,0.6
0.52,0,0.679397567235967,0.6
0.54,0,0.679397567235967,0.6
0.56,0,0.679397567235967,0.6
0.58,0,0.679397567235967,0.6
0.6,0,0.679397567235967,0.6
0.62,0,0.679397567235967,0.6
0.64,0,0.679397567235967,0.6
0.66,0,0.679397567235967,0.6
0.68,0,0.679397567235967,0.6
0.7,0,0.679397567235967,0.6
0.72,0,0.679397567235967,0.6
0.74,0,0.679397567235967,0.6
0.76,0,0.679397567235975,0.6
0.78,0,0.679397567235975,0.6
0.8,0,0.679397567235975,0.6
0.82,0,0.679397567235975,0.6
0.84,0,0.679397567235975,0.6
0,0.02,0.0631460334871349,0.6
0.02,0.02,0.0631460334871349,0.6
0.04,0.02,0.0631460334871402,0.6
0.06,0.02,0.0631460334871402,0.6
0.08,0.02,0.0631460334871402,0.6
0.1,0.02,0.0631460334871402,0.6
0.12,0.02,0.0631460334871402,0.6
0.14,0.02,0.0631460334871402,0.6
0.16,0.02,0.0631460334871402,0.6
0.18,0.02,0.0631460334871402,0.6
0.2,0.02,0.0631460334871402,0.6
0.22,0.02,0.0631460334871402,0.6
0.24,0.02,0.0631460334871402,0.6
0.26,0.02,0.0631460334871402,0.6
0.28,0.02,0.0631460334871402,0.6
0.3,0.02,0.0631460334871402,0.6
0.32,0.02,0.0631460334871402,0.6
0.34,0.02,0.0631460334871402,0.6
0.36,0.02,0.0631460334871402,0.6
0.38,0.02,0.0631460334871402,0.6
0.4,0.02,0.676059179473126,0.6
0.42,0.02,0.676059179473126,0.6
0.44,0.02,0.676059179473126,0.6
0.46,0.02,0.676059179473126,0.6
0.48,0.02,0.676059179473126,0.6
0.5,0.02,0.676059179473126,0.6
0.52,0.02,0.676059179473126,0.6
0.54,0.02,0.676059179473126,0.6
0.56,0.02,0.676059179473126,0.6
0.58,0.02,0.676059179473126,0.6
0.6,0.02,0.676059179473126,0.6
0.62,0.02,0.676059179473126,0.6
0.64,0.02,0.676059179473126,0.6
0.66,0.02,0.676059179473126,0.6
0.68,0.02,0.676059179473126,0.6
0.7,0.02,0.676059179473126,0.6
0.72,0.02,0.676059179473126,0.6
0.74,0.02,0.676059179473126,0.6
0.76,0.02,0.676059179473133,0.6
0.78,0.02,0.676059179473133,0.6
0.8,0.02,0.676059179473133,0.6
0.82,0.02,0.676059179473133,0.6
0.84,0.02,0.676059179473133,0.6
0,0.04,0.060194753568208,0.6
0.02,0.04,0.060194753568208,0.6
0.04,0.04,0.0601947535682118,0.6
0.06,0.04,0.0601947535682118,0.6
0.08,0.04,0.0601947535682118,0.6
0.1,0.04,0.0601947535682118,0.6
0.12,0.04,0.0601947535682118,0.6
0.14,0.04,0.0601947535682118,0.6
0.16,0.04,0.0601947535682118,0.6
0.18,0.04,0.0601947535682118,0.6
0.2,0.04,0.0601947535682118,0.6
0.22,0.04,0.0601947535682118,0.6
0.24,0.04,0.0601947535682118,0.6
0.26,0.04,0.0601947535682118,0.6
0.28,0.04,0.0601947535682118,0.6
0.3,0.04,0.0601947535682118,0.6
0.32,0.04,0.0601947535682118,0.6
0.34,0.04,0.0601947535682118,0.6
0.36,0.04,0.0601947535682118,0.6
0.38,0.04,0.0601947535682118,0.6
0.4,0.04,0.0601947535682118,0.6
0.42,0.04,0.672207271365604,0.6
0.44,0.04,0.672207271365604,0.6
0.46,0.04,0.672207271365604,0.6
0.48,0.04,0.672207271365604,0.6
0.5,0.04,0.672207271365604,0.6
0.52,0.04,0.672207271365604,0.6
0.54,0.04,0.672207271365604,0.6
0.56,0.04,0.672207271365604,0.6
0.58,0.04,0.672207271365604,0.6
0.6,0.04,0.672207271365604,0.6
0.62,0.04,0.672207271365604,0.6
0.64,0.04,0.672207271365604,0.6
0.66,0.04,0.672207271365604,0.6
0.68,0.04,0.672207271365604,0.6
0.7,0.04,0.672207271365604,0.6
0.72,0.04,0.672207271365604,0.6
0.74,0.04,0.672207271365604,0.6
0.76,0.04,0.672207271365613,0.6
0.78,0.04,0.672207271365613,0.6
0.8,0.04,0.672207271365613,0.6
0.82,0.04,0.672207271365613,0.6
0.84,0.04,0.672207271365612,0.6
0,0.06,0.0574301614242516,0.6
0.02,0.06,0.0574301614242553,0.6
0.04,0.06,0.0574301614242553,0.6
0.06,0.06,0.0574301614242553,0.6
0.08,0.06,0.0574301614242553,0.6
0.1,0.06,0.0574301614242553,0.6
0.12,0.06,0.0574301614242553,0.6
0.14,0.06,0.0574301614242553,0.6
0.16,0.06,0.0574301614242553,0.6
0.18,0.06,0.0574301614242553,0.6
0.2,0.06,0.0574301614242553,0.6
0.22,0.06,0.0574301614242553,0.6
0.24,0.06,0.0574301614242553,0.6
0.26,0.06,0.0574301614242553,0.6
0.28,0.06,0.0574301614242553,0.6
0.3,0.06,0.0574301614242553,0.6
0.32,0.06,0.0574301614242553,0.6
0.34,0.06,0.0574301614242553,0.6
0.36,0.06,0.0574301614242553,0.6
0.38,0.06,0.0574301614242553,0.6
0.4,0.06,0.0574301614242553,0.6
0.42,0.06,0.0574301614242553,0.6
0.44,0.06,0.667689038221794,0.6
0.46,0.06,0.667689038221794,0.6
0.48,0.06,0.667689038221794,0.6
0.5,0.06,0.667689038221794,0.6
0.52,0.06,0.667689038221794,0.6
0.54,0.06,0.667689038221794,0.6
0.56,0.06,0.667689038221794,0.6
0.58,0.06,0.667689038221794,0.6
0.6,0.06,0.667689038221794,0.6
0.62,0.06,0.667689038221794,0.6
0.64,0.06,0.667689038221794,0.6
0.66,0.06,0.667689038221794,0.6
0.68,0.06,0.667689038221794,0.6
0.7,0.06,0.667689038221794,0.6
0.72,0.06,0.667689038221794,0.6
0.74,0.06,0.667689038221803,0.6
0.76,0.06,0.667689038221803,0.6
0.78,0.06,0.667689038221803,0.6
0.8,0.06,0.667689038221803,0.6
0.82,0.06,0.667689038221803,0.6
0.84,0.06,0.667689038221803,0.6
0,0.08,0.0548301233117683,0.6
0.02,0.08,0.0548301233117717,0.6
0.04,0.08,0.0548301233117717,0.6
0.06,0.08,0.0548301233117717,0.6
0.08,0.08,0.0548301233117717,0.6
0.1,0.08,0.0548301233117717,0.6
0.12,0.08,0.0548301233117717,0.6
0.14,0.08,0.0548301233117717,0.6
0.16,0.08,0.0548301233117717,0.6
0.18,0.08,0.0548301233117717,0.6
0.2,0.08,0.0548301233117717,0.6
0.22,0.08,0.0548301233117717,0.6
0.24,0.08,0.0548301233117717,0.6
0.26,0.08,0.0548301233117717,0.6
0.28,0.08,0.0548301233117717,0.6
0.3,0.08,0.0548301233117717,0.6
0.32,0.08,0.0548301233117717,0.6
0.34,0.08,0.0548301233117717,0.6
0.36,0.08,0.0548301233117717,0.6
0.38,0.08,0.0548301233117717,0.6
0.4,0.08,0.0548301233117717,0.6
0.42,0.08,0.0548301233117717,0.6
0.44,0.08,0.0548301233117717,0.6
0.46,0.08,0.662270139563414,0.6
0.48,0.08,0.662270139563414,0.6
0.5,0.08,0.662270139563414,0.6
0.52,0.08,0.662270139563414,0.6
0.54,0.08,0.662270139563414,0.6
0.56,0.08,0.662270139563414,0.6
0.58,0.08,0.662270139563414,0.6
0.6,0.08,0.662270139563414,0.6
0.62,0.08,0.662270139563414,0.6
0.64,0.08,0.662270139563414,0.6
0.66,0.08,0.662270139563414,0.6
0.68,0.08,0.662270139563414,0.6
0.7,0.08,0.662270139563414,0.6
0.72,0.08,0.662270139563414,0.6
0.74,0.08,0.662270139563424,0.6
0.76,0.08,0.662270139563424,0.6
0.78,0.08,0.662270139563424,0.6
0.8,0.08,0.662270139563424,0.6
0.82,0.08,0.662270139563424,0.6
0.84,0.08,0.662270139563424,0.6
0,0.1,0.0523763620503795,0.6
0.02,0.1,0.0523763620503828,0.6
0.04,0.1,0.0523763620503828,0.6
0.06,0.1,0.0523763620503828,0.6
0.08,0.1,0.0523763620503828,0.6
0.1,0.1,0.0523763620503828,0.6
0.12,0.1,0.0523763620503828,0.6
0.14,0.1,0.0523763620503828,0.6
0.16,0.1,0.0523763620503828,0.6
0.18,0.1,0.0523763620503828,0.6
0.2,0.1,0.0523763620503828,0.6
0.22,0.1,0.0523763620503828,0.6
0.24,0.1,0.0523763620503828,0.6
0.26,0.1,0.0523763620503828,0.6
0.28,0.1,0.0523763620503828,0.6
0.3,0.1,0.0523763620503828,0.6
0.32,0.1,0.0523763620503828,0.6
0.34,0.1,0.0523763620503828,0.6
0.36,0.1,0.0523763620503828,0.6
0.38,0.1,0.0523763620503828,0.6
0.4,0.1,0.0523763620503828,0.6
0.42,0.1,0.0523763620503828,0.6
0.44,0.1,0.0523763620503828,0.6
0.46,0.1,0.0523763620503828,0.6
0.48,0.1,0.655559627255918,0.6
0.5,0.1,0.655559627255918,0.6
0.52,0.1,0.655559627255918,0.6
0.54,0.1,0.655559627255918,0.6
0.56,0.1,0.655559627255918,0.6
0.58,0.1,0.655559627255918,0.6
0.6,0.1,0.655559627255918,0.6
0.62,0.1,0.655559627255918,0.6
0.64,0.1,0.655559627255918,0.6
0.66,0.1,0.655559627255918,0.6
0.68,0.1,0.655559627255918,0.6
0.7,0.1,0.655559627255918,0.6
0.72,0.1,0.655559627255929,0.6
0.74,0.1,0.655559627255929,0.6
0.76,0.1,0.655559627255929,0.6
0.78,0.1,0.655559627255929,0.6
0.8,0.1,0.655559627255929,0.6
0.82,0.1,0.655559627255929,0.6
0.84,0.1,0.655559627255929,0.6
0,0.12,0.0500535907431783,0.6
0.02,0.12,0.0500535907431814,0.6
0.04,0.12,0.0500535907431814,0.6
0.06,0.12,0.0500535907431814,0.6
0.08,0.12,0.0500535907431814,0.6
0.1,0.12,0.0500535907431814,0.6
0.12,0.12,0.0500535907431814,0.6
0.14,0.12,0.0500535907431814,0.6
0.16,0.12,0.0500535907431814,0.6
0.18,0.12,0.0500535907431814,0.6
0.2,0.12,0.0500535907431814,0.6
0.22,0.12,0.0500535907431814,0.6
0.24,0.12,0.0500535907431814,0.6
0.26,0.12,0.0500535907431814,0.6
0.28,0.12,0.0500535907431814,0.6
0.3,0.12,0.0500535907431814,0.6
0.32,0.12,0.0500535907431814,0.6
0.34,0.12,0.0500535907431814,0.6
0.36,0.12,0.0500535907431814,0.6
0.38,0.12,0.0500535907431814,0.6
0.4,0.12,0.0500535907431814,0.6
0.42,0.12,0.0500535907431814,0.6
0.44,0.12,0.0500535907431814,0.6
0.46,0.12,0.0500535907431814,0.6
0.48,0.12,0.0500535907431814,0.6
0.5,0.12,0.0500535907431814,0.6
0.52,0.12,0.646813911459929,0.6
0.54,0.12,0.646813911459942,0.6
0.56,0.12,0.646813911459943,0.6
0.58,0.12,0.646813911459943,0.6
0.6,0.12,0.646813911459943,0.6
0.62,0.12,0.646813911459943,0.6
0.64,0.12,0.646813911459943,0.6
0.66,0.12,0.646813911459943,0.6
0.68,0.12,0.646813911459943,0.6
0.7,0.12,0.646813911459943,0.6
0.72,0.12,0.646813911459958,0.6
0.74,0.12,0.646813911459958,0.6
0.76,0.12,0.646813911459958,0.6
0.78,0.12,0.646813911459958,0.6
0.8,0.12,0.646813911459958,0.6
0.82,0.12,0.646813911459958,0.6
0.84,0.12,0.646813911459958,0.6
0,0.14,0.0478488802310445,0.6
0.02,0.14,0.0478488802310474,0.6
0.04,0.14,0.0478488802310474,0.6
0.06,0.14,0.0478488802310474,0.6
0.08,0.14,0.0478488802310474,0.6
0.1,0.14,0.0478488802310474,0.6
0.12,0.14,0.0478488802310474,0.6
0.14,0.14,0.0478488802310474,0.6
0.16,0.14,0.0478488802310474,0.6
0.18,0.14,0.0478488802310474,0.6
0.2,0.14,0.0478488802310474,0.6
0.22,0.14,0.0478488802310474,0.6
0.24,0.14,0.0478488802310474,0.6
0.26,0.14,0.0478488802310474,0.6
0.28,0.14,0.0478488802310474,0.6
0.3,0.14,0.0478488802310474,0.6
0.32,0.14,0.0478488802310474,0.6
0.34,0.14,0.0478488802310474,0.6
0.36,0.14,0.0478488802310474,0.6
0.38,0.14,0.0478488802310474,0.6
0.4,0.14,0.0478488802310474,0.6
0.42,0.14,0.0478488802310474,0.6
0.44,0.14,0.0478488802310474,0.6
0.46,0.14,0.0478488802310474,0.6
0.48,0.14,0.0478488802310474,0.6
0.5,0.14,0.0478488802310474,0.6
0.52,0.14,0.0478488802310474,0.6
0.54,0.14,0.634237017727079,0.6
0.56,0.14,0.634237019832971,0.6
0.58,0.14,0.634237019885584,0.6
0.6,0.14,0.634237019900379,0.6
0.62,0.14,0.634237019906845,0.6
0.64,0.14,0.634237019910361,0.6
0.66,0.14,0.634237019912429,0.6
0.68,0.14,0.634237019913779,0.6
0.7,0.14,0.634237019914717,0.6
0.72,0.14,0.634237019915393,0.6
0.74,0.14,0.634237019915897,0.6
0.76,0.14,0.634237019916283,0.6
0.78,0.14,0.634237019916585,0.6
0.8,0.14,0.634237019916826,0.6
0.82,0.14,0.63423701991702,0.6
0.84,0.14,0.63423701991718,0.6
0,0.16,0.0457511877618624,0.6
0.02,0.16,0.0457511877618652,0.6
0.04,0.16,0.0457511877618652,0.6
0.06,0.16,0.0457511877618652,0.6
0.08,0.16,0.0457511877618652,0.6
0.1,0.16,0.0457511877618652,0.6
0.12,0.16,0.0457511877618652,0.6
0.14,0.16,0.0457511877618652,0.6
0.16,0.16,0.0457511877618652,0.6
0.18,0.16,0.0457511877618652,0.6
0.2,0.16,0.0457511877618652,0.6
0.22,0.16,0.0457511877618652,0.6
0.24,0.16,0.0457511877618652,0.6
0.26,0.16,0.0457511877618652,0.6
0.28,0.16,0.0457511877618652,0.6
0.3,0.16,0.0457511877618652,0.6
0.32,0.16,0.0457511877618652,0.6
0.34,0.16,0.0457511877618652,0.6
0.36,0.16,0.0457511877618652,0.6
0.38,0.16,0.0457511877618652,0.6
0.4,0.16,0.0457511877618652,0.6
0.42,0.16,0.0457511877618652,0.6
0.44,0.16,0.0457511877618652,0.6
0.46,0.16,0.0457511877618652,0.6
0.48,0.16,0.0457511877618652,0.6
0.5,0.16,0.0457511877618652,0.6
0.52,0.16,0.0457511877618652,0.6
0.54,0.16,0.0457511877618652,0.6
0.56,0.16,0.0457511877618652,0.6
0.58,0.16,0.0457511877618652,0.6
0.6,0.16,0.609140141478973,0.6
0.62,0.16,0.609170706602841,0.6
0.64,0.16,0.609176237851592,0.6
0.66,0.16,0.60917841615576,0.6
0.68,0.16,0.609179541643302,0.6
0.7,0.16,0.609180212739708,0.6
0.72,0.16,0.609180650281792,0.6
0.74,0.16,0.609180953558476,0.6
0.76,0.16,0.609181173361702,0.6
0.78,0.16,0.609181338171054,0.6
0.8,0.16,0.60918146509066,0.6
0.82,0.16,0.609181564958714,0.6
0.84,0.16,0.609181644943917,0.6
0,0.18,0.043750999491041,0.6
0.02,0.18,0.0437509994910437,0.6
0.04,0.18,0.0437509994910437,0.6
0.06,0.18,0.0437509994910437,0.6
0.08,0.18,0.0437509994910437,0.6
0.1,0.18,0.0437509994910437,0.6
0.12,0.18,0.0437509994910437,0.6
0.14,0.18,0.0437509994910437,0.6
0.16,0.18,0.0437509994910437,0.6
0.18,0.18,0.0437509994910437,0.6
0.2,0.18,0.0437509994910437,0.6
0.22,0.18,0.0437509994910437,0.6
0.24,0.18,0.0437509994910437,0.6
0.26,0.18,0.0437509994910437,0.6
0.28,0.18,0.0437509994910437,0.6
0.3,0.18,0.0437509994910437,0.6
0.32,0.18,0.0437509994910437,0.6
0.34,0.18,0.0437509994910437,0.6
0.36,0.18,0.0437509994910437,0.6
0.38,0.18,0.0437509994910437,0.6
0.4,0.18,0.0437509994910437,0.6
0.42,0.18,0.0437509994910437,0.6
0.44,0.18,0.0437509994910437,0.6
0.46,0.18,0.0437509994910437,0.6
0.48,0.18,0.0437509994910437,0.6
0.5,0.18,0.0437509994910437,0.6
0.52,0.18,0.0437509994910437,0.6
0.54,0.18,0.0437509994910437,0.6
0.56,0.18,0.0437509994910437,0.6
0.58,0.18,0.0437509994910437,0.6
0.6,0.18,0.0437509994910437,0.6
0.62,0.18,0.0437509994910437,0.6
0.64,0.18,0.0437509994910437,0.6
0.66,0.18,0.0437509994910437,0.6
0.68,0.18,0.0437509994910437,0.6
0.7,0.18,0.0437509994910437,0.6
0.72,0.18,0.0437509994910437,0.6
0.74,0.18,0.0437509994910437,0.6
0.76,0.18,0.0437509994910437,0.6
0.78,0.18,0.0437509994910437,0.6
0.8,0.18,0.0437509994910437,0.6
0.82,0.18,0.0437509994910437,0.6
0.84,0.18,0.0437509994910437,0.6
0,0.2,0.0418400550290396,0.6
0.02,0.2,0.0418400550290422,0.6
0.04,0.2,0.0418400550290422,0.6
0.06,0.2,0.0418400550290422,0.6
0.08,0.2,0.0418400550290422,0.6
0.1,0.2,0.0418400550290422,0.6
0.12,0.2,0.0418400550290422,0.6
0.14,0.2,0.0418400550290422,0.6
0.16,0.2,0.0418400550290422,0.6
0.18,0.2,0.0418400550290422,0.6
0.2,0.2,0.0418400550290422,0.6
0.22,0.2,0.0418400550290422,0.6
0.24,0.2,0.0418400550290422,0.6
0.26,0.2,0.0418400550290422,0.6
0.28,0.2,0.0418400550290422,0.6
0.3,0.2,0.0418400550290422,0.6
0.32,0.2,0.0418400550290422,0.6
0.34,0.2,0.0418400550290422,0.6
0.36,0.2,0.0418400550290422,0.6
0.38,0.2,0.0418400550290422,0.6
0.4,0.2,0.0418400550290422,0.6
0.42,0.2,0.0418400550290422,0.6
0.44,0.2,0.0418400550290422,0.6
0.46,0.2,0.0418400550290422,0.6
0.48,0.2,0.0418400550290422,0.6
0.5,0.2,0.0418400550290422,0.6
0.52,0.2,0.0418400550290422,0.6
0.54,0.2,0.0418400550290422,0.6
0.56,0.2,0.0418400550290422,0.6
0.58,0.2,0.0418400550290422,0.6
0.6,0.2,0.0418400550290422,0.6
0.62,0.2,0.0418400550290422,0.6
0.64,0.2,0.0418400550290422,0.6
0.66,0.2,0.0418400550290422,0.6
0.68,0.2,0.0418400550290422,0.6
0.7,0.2,0.0418400550290422,0.6
0.72,0.2,0.0418400550290422,0.6
0.74,0.2,0.0418400550290422,0.6
0.76,0.2,0.0418400550290422,0.6
0.78,0.2,0.0418400550290422,0.6
0.8,0.2,0.0418400550290422,0.6
0.82,0.2,0.0418400550290422,0.6
0.84,0.2,0.0418400550290422,0.6
0,0.22,0.040011132215981,0.6
0.02,0.22,0.0400111322159835,0.6
0.04,0.22,0.0400111322159835,0.6
0.06,0.22,0.0400111322159835,0.6
0.08,0.22,0.0400111322159835,0.6
0.1,0.22,0.0400111322159835,0.6
0.12,0.22,0.0400111322159835,0.6
0.14,0.22,0.0400111322159835,0.6
0.16,0.22,0.0400111322159835,0.6
0.18,0.22,0.0400111322159835,0.6
0.2,0.22,0.0400111322159835,0.6
0.22,0.22,0.0400111322159835,0.6
0.24,0.22,0.0400111322159835,0.6
0.26,0.22,0.0400111322159835,0.6
0.28,0.22,0.0400111322159835,0.6
0.3,0.22,0.0400111322159835,0.6
0.32,0.22,0.0400111322159835,0.6
0.34,0.22,0.0400111322159835,0.6
0.36,0.22,0.0400111322159835,0.6
0.38,0.22,0.0400111322159835,0.6
0.4,0.22,0.0400111322159835,0.6
0.42,0.22,0.0400111322159835,0.6
0.44,0.22,0.0400111322159835,0.6
0.46,0.22,0.0400111322159835,0.6
0.48,0.22,0.0400111322159835,0.6
0.5,0.22,0.0400111322159835,0.6
0.52,0.22,0.0400111322159835,0.6
0.54,0.22,0.0400111322159835,0.6
0.56,0.22,0.0400111322159835,0.6
0.58,0.22,0.0400111322159835,0.6
0.6,0.22,0.0400111322159835,0.6
0.62,0.22,0.0400111322159835,0.6
0.64,0.22,0.0400111322159835,0.6
0.66,0.22,0.0400111322159835,0.6
0.68,0.22,0.0400111322159835,0.6
0.7,0.22,0.0400111322159835,0.6
0.72,0.22,0.0400111322159835,0.6
0.74,0.22,0.0400111322159835,0.6
0.76,0.22,0.0400111322159835,0.6
0.78,0.22,0.0400111322159835,0.6
0.8,0.22,0.0400111322159835,0.6
0.82,0.22,0.0400111322159835,0.6
0.84,0.22,0.0400111322159835,0.6
0,0.24,0.0382578768326661,0.6
0.02,0.24,0.0382578768326661,0.6
0.04,0.24,0.0382578768326661,0.6
0.06,0.24,0.0382578768326661,0.6
0.08,0.24,0.0382578768326661,0.6
0.1,0.24,0.0382578768326661,0.6
0.12,0.24,0.0382578768326661,0.6
0.14,0.24,0.0382578768326661,0.6
0.16,0.24,0.0382578768326661,0.6
0.18,0.24,0.0382578768326661,0.6
0.2,0.24,0.0382578768326661,0.6
0.22,0.24,0.0382578768326661,0.6
0.24,0.24,0.0382578768326661,0.6
0.26,0.24,0.0382578768326661,0.6
0.28,0.24,0.0382578768326661,0.6
0.3,0.24,0.0382578768326661,0.6
0.32,0.24,0.0382578768326661,0.6
0.34,0.24,0.0382578768326661,0.6
0.36,0.24,0.0382578768326661,0.6
0.38,0.24,0.0382578768326661,0.6
0.4,0.24,0.0382578768326661,0.6
0.42,0.24,0.0382578768326661,0.6
0.44,0.24,0.0382578768326661,0.6
0.46,0.24,0.0382578768326661,0.6
0.48,0.24,0.0382578768326661,0.6
0.5,0.24,0.0382578768326661,0.6
0.52,0.24,0.0382578768326661,0.6
0.54,0.24,0.0382578768326661,0.6
0.56,0.24,0.0382578768326661,0.6
0.58,0.24,0.0382578768326661,0.6
0.6,0.24,0.0382578768326661,0.6
0.62,0.24,0.0382578768326661,0.6
0.64,0.24,0.0382578768326661,0.6
0.66,0.24,0.0382578768326661,0.6
0.68,0.24,0.0382578768326661,0.6
0.7,0.24,0.0382578768326661,0.6
0.72,0.24,0.0382578768326661,0.6
0.74,0.24,0.0382578768326661,0.6
0.76,0.24,0.0382578768326661,0.6
0.78,0.24,0.0382578768326661,0.6
0.8,0.24,0.0382578768326661,0.6
0.82,0.24,0.0382578768326661,0.6
0.84,0.24,0.0382578768326661,0.6
0,0.26,0.0365746663337718,0.6
0.02,0.26,0.0365746663337718,0.6
0.04,0.26,0.0365746663337718,0.6
0.06,0.26,0.0365746663337718,0.6
0.08,0.26,0.0365746663337718,0.6
0.1,0.26,0.0365746663337718,0.6
0.12,0.26,0.0365746663337718,0.6
0.14,0.26,0.0365746663337718,0.6
0.16,0.26,0.0365746663337718,0.6
0.18,0.26,0.0365746663337718,0.6
0.2,0.26,0.0365746663337718,0.6
0.22,0.26,0.0365746663337718,0.6
0.24,0.26,0.0365746663337718,0.6
0.26,0.26,0.0365746663337718,0.6
0.28,0.26,0.0365746663337718,0.6
0.3,0.26,0.0365746663337718,0.6
0.32,0.26,0.0365746663337718,0.6
0.34,0.26,0.0365746663337718,0.6
0.36,0.26,0.0365746663337718,0.6
0.38,0.26,0.0365746663337718,0.6
0.4,0.26,0.0365746663337718,0.6
0.42,0.26,0.0365746663337718,0.6
0.44,0.26,0.0365746663337718,0.6
0.46,0.26,0.0365746663337718,0.6
0.48,0.26,0.0365746663337718,0.6
0.5,0.26,0.0365746663337718,0.6
0.52,0.26,0.0365746663337718,0.6
0.54,0.26,0.0365746663337718,0.6
0.56,0.26,0.0365746663337718,0.6
0.58,0.26,0.0365746663337718,0.6
0.6,0.26,0.0365746663337718,0.6
0.62,0.26,0.0365746663337718,0.6
0.64,0.26,0.0365746663337718,0.6
0.66,0.26,0.0365746663337718,0.6
0.68,0.26,0.0365746663337718,0.6
0.7,0.26,0.0365746663337718,0.6
0.72,0.26,0.0365746663337718,0.6
0.74,0.26,0.0365746663337718,0.6
0.76,0.26,0.0365746663337718,0.6
0.78,0.26,0.0365746663337718,0.6
0.8,0.26,0.0365746663337718,0.6
0.82,0.26,0.0365746663337718,0.6
0.84,0.26,0.0365746663337718,0.6
0,0.28,0.0349564996828389,0.6
0.02,0.28,0.0349564996828389,0.6
0.04,0.28,0.0349564996828389,0.6
0.06,0.28,0.0349564996828389,0.6
0.08,0.28,0.0349564996828389,0.6
0.1,0.28,0.0349564996828389,0.6
0.12,0.28,0.0349564996828389,0.6
0.14,0.28,0.0349564996828389,0.6
0.16,0.28,0.0349564996828389,0.6
0.18,0.28,0.0349564996828389,0.6
0.2,0.28,0.0349564996828389,0.6
0.22,0.28,0.0349564996828389,0.6
0.24,0.28,0.0349564996828389,0.6
0.26,0.28,0.0349564996828389,0.6
0.28,0.28,0.0349564996828389,0.6
0.3,0.28,0.0349564996828389,0.6
0.32,0.28,0.0349564996828389,0.6
0.34,0.28,0.0349564996828389,0.6
0.36,0.28,0.0349564996828389,0.6
0.38,0.28,0.0349564996828389,0.6
0.4,0.28,0.0349564996828389,0.6
0.42,0.28,0.0349564996828389,0.6
0.44,0.28,0.0349564996828389,0.6
0.46,0.28,0.0349564996828389,0.6
0.48,0.28,0.0349564996828389,0.6
0.5,0.28,0.0349564996828389,0.6
0.52,0.28,0.0349564996828389,0.6
0.54,0.28,0.0349564996828389,0.6
0.56,0.28,0.0349564996828389,0.6
0.58,0.28,0.0349564996828389,0.6
0.6,0.28,0.0349564996828389,0.6
0.62,0.28,0.0349564996828389,0.6
0.64,0.28,0.0349564996828389,0.6
0.66,0.28,0.0349564996828389,0.6
0.68,0.28,0.0349564996828389,0.6
0.7,0.28,0.0349564996828389,0.6
0.72,0.28,0.0349564996828389,0.6
0.74,0.28,0.0349564996828389,0.6
0.76,0.28,0.0349564996828389,0.6
0.78,0.28,0.0349564996828389,0.6
0.8,0.28,0.0349564996828389,0.6
0.82,0.28,0.0349564996828389,0.6
0.84,0.28,0.0349564996828389,0.6
0,0.3,0.0333989074543668,0.6
0.02,0.3,0.0333989074543668,0.6
0.04,0.3,0.0333989074543668,0.6
0.06,0.3,0.0333989074543668,0.6
0.08,0.3,0.0333989074543668,0.6
0.1,0.3,0.0333989074543668,0.6
0.12,0.3,0.0333989074543668,0.6
0.14,0.3,0.0333989074543668,0.6
0.16,0.3,0.0333989074543668,0.6
0.18,0.3,0.0333989074543668,0.6
0.2,0.3,0.0333989074543668,0.6
0.22,0.3,0.0333989074543668,0.6
0.24,0.3,0.0333989074543668,0.6
0.26,0.3,0.0333989074543668,0.6
0.28,0.3,0.0333989074543668,0.6
0.3,0.3,0.0333989074543668,0.6
0.32,0.3,0.0333989074543668,0.6
0.34,0.3,0.0333989074543668,0.6
0.36,0.3,0.0333989074543668,0.6
0.38,0.3,0.0333989074543668,0.6
0.4,0.3,0.0333989074543668,0.6
0.42,0.3,0.0333989074543668,0.6
0.44,0.3,0.0333989074543668,0.6
0.46,0.3,0.0333989074543668,0.6
0.48,0.3,0.0333989074543668,0.6
0.5,0.3,0.0333989074543668,0.6
0.52,0.3,0.0333989074543668,0.6
0.54,0.3,0.0333989074543668,0.6
0.56,0.3,0.0333989074543668,0.6
0.58,0.3,0.0333989074543668,0.6
0.6,0.3,0.0333989074543668,0.6
0.62,0.3,0.0333989074543668,0.6
0.64,0.3,0.0333989074543668,0.6
0.66,0.3,0.0333989074543668,0.6
0.68,0.3,0.0333989074543668,0.6
0.7,0.3,0.0333989074543668,0.6
0.72,0.3,0.0333989074543668,0.6
0.74,0.3,0.0333989074543668,0.6
0.76,0.3,0.0333989074543668,0.6
0.78,0.3,0.0333989074543668,0.6
0.8,0.3,0.0333989074543668,0.6
0.82,0.3,0.0333989074543668,0.6
0.84,0.3,0.0333989074543668,0.6
0,0.32,0.0318978778459705,0.6
0.02,0.32,0.0318978778459705,0.6
0.04,0.32,0.0318978778459705,0.6
0.06,0.32,0.0318978778459705,0.6
0.08,0.32,0.0318978778459705,0.6
0.1,0.32,0.0318978778459705,0.6
0.12,0.32,0.0318978778459705,0.6
0.14,0.32,0.0318978778459705,0.6
0.16,0.32,0.0318978778459705,0.6
0.18,0.32,0.0318978778459705,0.6
0.2,0.32,0.0318978778459705,0.6
0.22,0.32,0.0318978778459705,0.6
0.24,0.32,0.0318978778459705,0.6
0.26,0.32,0.0318978778459705,0.6
0.28,0.32,0.0318978778459705,0.6
0.3,0.32,0.0318978778459705,0.6
0.32,0.32,0.0318978778459705,0.6
0.34,0.32,0.0318978778459705,0.6
0.36,0.32,0.0318978778459705,0.6
0.38,0.32,0.0318978778459705,0.6
0.4,0.32,0.0318978778459705,0.6
0.42,0.32,0.0318978778459705,0.6
0.44,0.32,0.0318978778459705,0.6
0.46,0.32,0.0318978778459705,0.6
0.48,0.32,0.0318978778459705,0.6
0.5,0.32,0.0318978778459705,0.6
0.52,0.32,0.0318978778459705,0.6
0.54,0.32,0.0318978778459705,0.6
0.56,0.32,0.0318978778459705,0.6
0.58,0.32,0.0318978778459705,0.6
0.6,0.32,0.0318978778459705,0.6
0.62,0.32,0.0318978778459705,0.6
0.64,0.32,0.0318978778459705,0.6
0.66,0.32,0.0318978778459705,0.6
0.68,0.32,0.0318978778459705,0.6
0.7,0.32,0.0318978778459705,0.6
0.72,0.32,0.0318978778459705,0.6
0.74,0.32,0.0318978778459705,0.6
0.76,0.32,0.0318978778459705,0.6
0.78,0.32,0.0318978778459705,0.6
0.8,0.32,0.0318978778459705,0.6
0.82,0.32,0.0318978778459705,0.6
0.84,0.32,0.0318978778459705,0.6
0,0.34,0.0304497953061214,0.6
0.02,0.34,0.0304497953061214,0.6
0.04,0.34,0.0304497953061214,0.6
0.06,0.34,0.0304497953061214,0.6
0.08,0.34,0.0304497953061214,0.6
0.1,0.34,0.0304497953061214,0.6
0.12,0.34,0.0304497953061214,0.6
0.14,0.34,0.0304497953061214,0.6
0.16,0.34,0.0304497953061214,0.6
0.18,0.34,0.0304497953061214,0.6
0.2,0.34,0.0304497953061214,0.6
0.22,0.34,0.0304497953061214,0.6
0.24,0.34,0.0304497953061214,0.6
0.26,0.34,0.0304497953061214,0.6
0.28,0.34,0.0304497953061214,0.6
0.3,0.34,0.0304497953061214,0.6
0.32,0.34,0.0304497953061214,0.6
0.34,0.34,0.0304497953061214,0.6
0.36,0.34,0.0304497953061214,0.6
0.38,0.34,0.0304497953061214,0.6
0.4,0.34,0.0304497953061214,0.6
0.42,0.34,0.0304497953061214,0.6
0.44,0.34,0.0304497953061214,0.6
0.46,0.34,0.0304497953061214,0.6
0.48,0.34,0.0304497953061214,0.6
0.5,0.34,0.0304497953061214,0.6
0.52,0.34,0.0304497953061214,0.6
0.54,0.34,0.0304497953061214,0.6
0.56,0.34,0.0304497953061214,0.6
0.58,0.34,0.0304497953061214,0.6
0.6,0.34,0.0304497953061214,0.6
0.62,0.34,0.0304497953061214,0.6
0.64,0.34,0.0304497953061214,0.6
0.66,0.34,0.0304497953061214,0.6
0.68,0.34,0.0304497953061214,0.6
0.7,0.34,0.0304497953061214,0.6
0.72,0.34,0.0304497953061214,0.6
0.74,0.34,0.0304497953061214,0.6
0.76,0.34,0.0304497953061214,0.6
0.78,0.34,0.0304497953061214,0.6
0.8,0.34,0.0304497953061214,0.6
0.82,0.34,0.0304497953061214,0.6
0.84,0.34,0.0304497953061214,0.6
0,0.36,0.0290513892578979,0.6
0.02,0.36,0.0290513892578979,0.6
0.04,0.36,0.0290513892578979,0.6
0.06,0.36,0.0290513892578979,0.6
0.08,0.36,0.0290513892578979,0.6
0.1,0.36,0.0290513892578979,0.6
0.12,0.36,0.0290513892578979,0.6
0.14,0.36,0.0290513892578979,0.6
0.16,0.36,0.0290513892578979,0.6
0.18,0.36,0.0290513892578979,0.6
0.2,0.36,0.0290513892578979,0.6
0.22,0.36,0.0290513892578979,0.6
0.24,0.36,0.0290513892578979,0.6
0.26,0.36,0.0290513892578979,0.6
0.28,0.36,0.0290513892578979,0.6
0.3,0.36,0.0290513892578979,0.6
0.32,0.36,0.0290513892578979,0.6
0.34,0.36,0.0290513892578979,0.6
0.36,0.36,0.0290513892578979,0.6
0.38,0.36,0.0290513892578979,0.6
0.4,0.36,0.0290513892578979,0.6
0.42,0.36,0.0290513892578979,0.6
0.44,0.36,0.0290513892578979,0.6
0.46,0.36,0.0290513892578979,0.6
0.48,0.36,0.0290513892578979,0.6
0.5,0.36,0.0290513892578979,0.6
0.52,0.36,0.0290513892578979,0.6
0.54,0.36,0.0290513892578979,0.6
0.56,0.36,0.0290513892578979,0.6
0.58,0.36,0.0290513892578979,0.6
0.6,0.36,0.0290513892578979,0.6
0.62,0.36,0.0290513892578979,0.6
0.64,0.36,0.0290513892578979,0.6
0.66,0.36,0.0290513892578979,0.6
0.68,0.36,0.0290513892578979,0.6
0.7,0.36,0.0290513892578979,0.6
0.72,0.36,0.0290513892578979,0.6
0.74,0.36,0.0290513892578979,0.6
0.76,0.36,0.0290513892578979,0.6
0.78,0.36,0.0290513892578979,0.6
0.8,0.36,0.0290513892578979,0.6
0.82,0.36,0.0290513892578979,0.6
0.84,0.36,0.0290513892578979,0.6
0,0.38,0.0276996909714219,0.6
0.02,0.38,0.0276996909714219,0.6
0.04,0.38,0.0276996909714219,0.6
0.06,0.38,0.0276996909714219,0.6
0.08,0.38,0.0276996909714219,0.6
0.1,0.38,0.0276996909714219,0.6
0.12,0.38,0.0276996909714219,0.6
0.14,0.38,0.0276996909714219,0.6
0.16,0.38,0.0276996909714219,0.6
0.18,0.38,0.0276996909714219,0.6
0.2,0.38,0.0276996909714219,0.6
0.22,0.38,0.0276996909714219,0.6
0.24,0.38,0.0276996909714219,0.6
0.26,0.38,0.0276996909714219,0.6
0.28,0.38,0.0276996909714219,0.6
0.3,0.38,0.0276996909714219,0.6
0.32,0.38,0.0276996909714219,0.6
0.34,0.38,0.0276996909714219,0.6
0.36,0.38,0.0276996909714219,0.6
0.38,0.38,0.0276996909714219,0.6
0.4,0.38,0.0276996909714219,0.6
0.42,0.38,0.0276996909714219,0.6
0.44,0.38,0.0276996909714219,0.6
0.46,0.38,0.0276996909714219,0.6
0.48,0.38,0.0276996909714219,0.6
0.5,0.38,0.0276996909714219,0.6
0.52,0.38,0.0276996909714219,0.6
0.54,0.38,0.0276996909714219,0.6
0.56,0.38,0.0276996909714219,0.6
0.58,0.38,0.0276996909714219,0.6
0.6,0.38,0.0276996909714219,0.6
0.62,0.38,0.0276996909714219,0.6
0.64,0.38,0.0276996909714219,0.6
0.66,0.38,0.0276996909714219,0.6
0.68,0.38,0.0276996909714219,0.6
0.7,0.38,0.0276996909714219,0.6
0.72,0.38,0.0276996909714219,0.6
0.74,0.38,0.0276996909714219,0.6
0.76,0.38,0.0276996909714219,0.6
0.78,0.38,0.0276996909714219,0.6
0.8,0.38,0.0276996909714219,0.6
0.82,0.38,0.0276996909714219,0.6
0.84,0.38,0.0276996909714219,0.6
0,0.4,0.0263919970652936,0.6
0.02,0.4,0.0263919970652936,0.6
0.04,0.4,0.0263919970652936,0.6
0.06,0.4,0.0263919970652936,0.6
0.08,0.4,0.0263919970652936,0.6
0.1,0.4,0.0263919970652936,0.6
0.12,0.4,0.0263919970652936,0.6
0.14,0.4,0.0263919970652936,0.6
0.16,0.4,0.0263919970652936,0.6
0.18,0.4,0.0263919970652936,0.6
0.2,0.4,0.0263919970652936,0.6
0.22,0.4,0.0263919970652936,0.6
0.24,0.4,0.0263919970652936,0.6
0.26,0.4,0.0263919970652936,0.6
0.28,0.4,0.0263919970652936,0.6
0.3,0.4,0.0263919970652936,0.6
0.32,0.4,0.0263919970652936,0.6
0.34,0.4,0.0263919970652936,0.6
0.36,0.4,0.0263919970652936,0.6
0.38,0.4,0.0263919970652936,0.6
0.4,0.4,0.0263919970652936,0.6
0.42,0.4,0.0263919970652936,0.6
0.44,0.4,0.0263919970652936,0.6
0.46,0.4,0.0263919970652936,0.6
0.48,0.4,0.0263919970652936,0.6
0.5,0.4,0.0263919970652936,0.6
0.52,0.4,0.0263919970652936,0.6
0.54,0.4,0.0263919970652936,0.6
0.56,0.4,0.0263919970652936,0.6
0.58,0.4,0.0263919970652936,0.6
0.6,0.4,0.0263919970652936,0.6
0.62,0.4,0.0263919970652936,0.6
0.64,0.4,0.0263919970652936,0.6
0.66,0.4,0.0263919970652936,0.6
0.68,0.4,0.0263919970652936,0.6
0.7,0.4,0.0263919970652936,0.6
0.72,0.4,0.0263919970652936,0.6
0.74,0.4,0.0263919970652936,0.6
0.76,0.4,0.0263919970652936,0.6
0.78,0.4,0.0263919970652936,0.6
0.8,0.4,0.0263919970652936,0.6
0.82,0.4,0.0263919970652936,0.6
0.84,0.4,0.0263919970652936,0.6
0,0.42,0.0251258384403306,0.6
0.02,0.42,0.0251258384403306,0.6
0.04,0.42,0.0251258384403306,0.6
0.06,0.42,0.0251258384403306,0.6
0.08,0.42,0.0251258384403306,0.6
0.1,0.42,0.0251258384403306,0.6
0.12,0.42,0.0251258384403306,0.6
0.14,0.42,0.0251258384403306,0.6
0.16,0.42,0.0251258384403306,0.6
0.18,0.42,0.0251258384403306,0.6
0.2,0.42,0.0251258384403306,0.6
0.22,0.42,0.0251258384403306,0.6
0.24,0.42,0.0251258384403306,0.6
0.26,0.42,0.0251258384403306,0.6
0.28,0.42,0.0251258384403306,0.6
0.3,0.42,0.0251258384403306,0.6
0.32,0.42,0.0251258384403306,0.6
0.34,0.42,0.0251258384403306,0.6
0.36,0.42,0.0251258384403306,0.6
0.38,0.42,0.0251258384403306,0.6
0.4,0.42,0.0251258384403306,0.6
0.42,0.42,0.0251258384403306,0.6
0.44,0.42,0.0251258384403306,0.6
0.46,0.42,0.0251258384403306,0.6
0.48,0.42,0.0251258384403306,0.6
0.5,0.42,0.0251258384403306,0.6
0.52,0.42,0.0251258384403306,0.6
0.54,0.42,0.0251258384403306,0.6
0.56,0.42,0.0251258384403306,0.6
0.58,0.42,0.0251258384403306,0.6
0.6,0.42,0.0251258384403306,0.6
0.62,0.42,0.0251258384403306,0.6
0.64,0.42,0.0251258384403306,0.6
0.66,0.42,0.0251258384403306,0.6
0.68,0.42,0.0251258384403306,0.6
0.7,0.42,0.0251258384403306,0.6
0.72,0.42,0.0251258384403306,0.6
0.74,0.42,0.0251258384403306,0.6
0.76,0.42,0.0251258384403306,0.6
0.78,0.42,0.0251258384403306,0.6
0.8,0.42,0.0251258384403306,0.6
0.82,0.42,0.0251258384403306,0.6
0.84,0.42,0.0251258384403306,0.6
0,0.44,0.023898953695381,0.6
0.02,0.44,0.023898953695381,0.6
0.04,0.44,0.023898953695381,0.6
0.06,0.44,0.023898953695381,0.6
0.08,0.44,0.023898953695381,0.6
0.1,0.44,0.023898953695381,0.6
0.12,0.44,0.023898953695381,0.6
0.14,0.44,0.023898953695381,0.6
0.16,0.44,0.023898953695381,0.6
0.18,0.44,0.023898953695381,0.6
0.2,0.44,0.023898953695381,0.6
0.22,0.44,0.023898953695381,0.6
0.24,0.44,0.023898953695381,0.6
0.26,0.44,0.023898953695381,0.6
0.28,0.44,0.023898953695381,0.6
0.3,0.44,0.023898953695381,0.6
0.32,0.44,0.023898953695381,0.6
0.34,0.44,0.023898953695381,0.6
0.36,0.44,0.023898953695381,0.6
0.38,0.44,0.023898953695381,0.6
0.4,0.44,0.023898953695381,0.6
0.42,0.44,0.023898953695381,0.6
0.44,0.44,0.023898953695381,0.6
0.46,0.44,0.023898953695381,0.6
0.48,0.44,0.023898953695381,0.6
0.5,0.44,0.023898953695381,0.6
0.52,0.44,0.023898953695381,0.6
0.54,0.44,0.023898953695381,0.6
0.56,0.44,0.023898953695381,0.6
0.58,0.44,0.023898953695381,0.6
0.6,0.44,0.023898953695381,0.6
0.62,0.44,0.023898953695381,0.6
0.64,0.44,0.023898953695381,0.6
0.66,0.44,0.023898953695381,0.6
0.68,0.44,0.023898953695381,0.6
0.7,0.44,0.023898953695381,0.6
0.72,0.44,0.023898953695381,0.6
0.74,0.44,0.023898953695381,0.6
0.76,0.44,0.023898953695381,0.6
0.78,0.44,0.023898953695381,0.6
0.8,0.44,0.023898953695381,0.6
0.82,0.44,0.023898953695381,0.6
0.84,0.44,0.023898953695381,0.6
0,0.46,0.0227092662647835,0.6
0.02,0.46,0.0227092662647835,0.6
0.04,0.46,0.0227092662647835,0.6
0.06,0.46,0.0227092662647835,0.6
0.08,0.46,0.0227092662647835,0.6
0.1,0.46,0.0227092662647835,0.6
0.12,0.46,0.0227092662647835,0.6
0.14,0.46,0.0227092662647835,0.6
0.16,0.46,0.0227092662647835,0.6
0.18,0.46,0.0227092662647835,0.6
0.2,0.46,0.0227092662647835,0.6
0.22,0.46,0.0227092662647835,0.6
0.24,0.46,0.0227092662647835,0.6
0.26,0.46,0.0227092662647835,0.6
0.28,0.46,0.0227092662647835,0.6
0.3,0.46,0.0227092662647835,0.6
0.32,0.46,0.0227092662647835,0.6
0.34,0.46,0.0227092662647835,0.6
0.36,0.46,0.0227092662647835,0.6
0.38,0.46,0.0227092662647835,0.6
0.4,0.46,0.0227092662647835,0.6
0.42,0.46,0.0227092662647835,0.6
0.44,0.46,0.0227092662647835,0.6
0.46,0.46,0.0227092662647835,0.6
0.48,0.46,0.0227092662647835,0.6
0.5,0.46,0.0227092662647835,0.6
0.52,0.46,0.0227092662647835,0.6
0.54,0.46,0.0227092662647835,0.6
0.56,0.46,0.0227092662647835,0.6
0.58,0.46,0.0227092662647835,0.6
0.6,0.46,0.0227092662647835,0.6
0.62,0.46,0.0227092662647835,0.6
0.64,0.46,0.0227092662647835,0.6
0.66,0.46,0.0227092662647835,0.6
0.68,0.46,0.0227092662647835,0.6
0.7,0.46,0.0227092662647835,0.6
0.72,0.46,0.0227092662647835,0.6
0.74,0.46,0.0227092662647835,0.6
0.76,0.46,0.0227092662647835,0.6
0.78,0.46,0.0227092662647835,0.6
0.8,0.46,0.0227092662647835,0.6
0.82,0.46,0.0227092662647835,0.6
0.84,0.46,0.0227092662647835,0.6
0,0.48,0.0215548646645102,0.6
0.02,0.48,0.0215548646645102,0.6
0.04,0.48,0.0215548646645102,0.6
0.06,0.48,0.0215548646645102,0.6
0.08,0.48,0.0215548646645102,0.6
0.1,0.48,0.0215548646645102,0.6
0.12,0.48,0.0215548646645102,0.6
0.14,0.48,0.0215548646645102,0.6
0.16,0.48,0.0215548646645102,0.6
0.18,0.48,0.0215548646645102,0.6
0.2,0.48,0.0215548646645102,0.6
0.22,0.48,0.0215548646645102,0.6
0.24,0.48,0.0215548646645102,0.6
0.26,0.48,0.0215548646645102,0.6
0.28,0.48,0.0215548646645102,0.6
0.3,0.48,0.0215548646645102,0.6
0.32,0.48,0.0215548646645102,0.6
0.34,0.48,0.0215548646645102,0.6
0.36,0.48,0.0215548646645102,0.6
0.38,0.48,0.0215548646645102,0.6
0.4,0.48,0.0215548646645102,0.6
0.42,0.48,0.0215548646645102,0.6
0.44,0.48,0.0215548646645102,0.6
0.46,0.48,0.0215548646645102,0.6
0.48,0.48,0.0215548646645102,0.6
0.5,0.48,0.0215548646645102,0.6
0.52,0.48,0.0215548646645102,0.6
0.54,0.48,0.0215548646645102,0.6
0.56,0.48,0.0215548646645102,0.6
0.58,0.48,0.0215548646645102,0.6
0.6,0.48,0.0215548646645102,0.6
0.62,0.48,0.0215548646645102,0.6
0.64,0.48,0.0215548646645102,0.6
0.66,0.48,0.0215548646645102,0.6
0.68,0.48,0.0215548646645102,0.6
0.7,0.48,0.0215548646645102,0.6
0.72,0.48,0.0215548646645102,0.6
0.74,0.48,0.0215548646645102,0.6
0.76,0.48,0.0215548646645102,0.6
0.78,0.48,0.0215548646645102,0.6
0.8,0.48,0.0215548646645102,0.6
0.82,0.48,0.0215548646645102,0.6
0.84,0.48,0.0215548646645102,0.6
0,0.5,0.0204339853495222,0.6
0.02,0.5,0.0204339853495222,0.6
0.04,0.5,0.0204339853495222,0.6
0.06,0.5,0.0204339853495222,0.6
0.08,0.5,0.0204339853495222,0.6
0.1,0.5,0.0204339853495222,0.6
0.12,0.5,0.0204339853495222,0.6
0.14,0.5,0.0204339853495222,0.6
0.16,0.5,0.0204339853495222,0.6
0.18,0.5,0.0204339853495222,0.6
0.2,0.5,0.0204339853495222,0.6
0.22,0.5,0.0204339853495222,0.6
0.24,0.5,0.0204339853495222,0.6
0.26,0.5,0.0204339853495222,0.6
0.28,0.5,0.0204339853495222,0.6
0.3,0.5,0.0204339853495222,0.6
0.32,0.5,0.0204339853495222,0.6
0.34,0.5,0.0204339853495222,0.6
0.36,0.5,0.0204339853495222,0.6
0.38,0.5,0.0204339853495222,0.6
0.4,0.5,0.0204339853495222,0.6
0.42,0.5,0.0204339853495222,0.6
0.44,0.5,0.0204339853495222,0.6
0.46,0.5,0.0204339853495222,0.6
0.48,0.5,0.0204339853495222,0.6
0.5,0.5,0.0204339853495222,0.6
0.52,0.5,0.0204339853495222,0.6
0.54,0.5,0.0204339853495222,0.6
0.56,0.5,0.0204339853495222,0.6
0.58,0.5,0.0204339853495222,0.6
0.6,0.5,0.0204339853495222,0.6
0.62,0.5,0.0204339853495222,0.6
0.64,0.5,0.0204339853495222,0.6
0.66,0.5,0.0204339853495222,0.6
0.68,0.5,0.0204339853495222,0.6
0.7,0.5,0.0204339853495222,0.6
0.72,0.5,0.0204339853495222,0.6
0.74,0.5,0.0204339853495222,0.6
0.76,0.5,0.0204339853495222,0.6
0.78,0.5,0.0204339853495222,0.6
0.8,0.5,0.0204339853495222,0.6
0.82,0.5,0.0204339853495222,0.6
0.84,0.5,0.0204339853495222,0.6
0,0.52,0.0193449977760318,0.6
0.02,0.52,0.0193449977760318,0.6
0.04,0.52,0.0193449977760318,0.6
0.06,0.52,0.0193449977760318,0.6
0.08,0.52,0.0193449977760318,0.6
0.1,0.52,0.0193449977760318,0.6
0.12,0.52,0.0193449977760318,0.6
0.14,0.52,0.0193449977760318,0.6
0.16,0.52,0.0193449977760318,0.6
0.18,0.52,0.0193449977760318,0.6
0.2,0.52,0.0193449977760318,0.6
0.22,0.52,0.0193449977760318,0.6
0.24,0.52,0.0193449977760318,0.6
0.26,0.52,0.0193449977760318,0.6
0.28,0.52,0.0193449977760318,0.6
0.3,0.52,0.0193449977760318,0.6
0.32,0.52,0.0193449977760318,0.6
0.34,0.52,0.0193449977760318,0.6
0.36,0.52,0.0193449977760318,0.6
0.38,0.52,0.0193449977760318,0.6
0.4,0.52,0.0193449977760318,0.6
0.42,0.52,0.0193449977760318,0.6
0.44,0.52,0.0193449977760318,0.6
0.46,0.52,0.0193449977760318,0.6
0.48,0.52,0.0193449977760318,0.6
0.5,0.52,0.0193449977760318,0.6
0.52,0.52,0.0193449977760318,0.6
0.54,0.52,0.0193449977760318,0.6
0.56,0.52,0.0193449977760318,0.6
0.58,0.52,0.0193449977760318,0.6
0.6,0.52,0.0193449977760318,0.6
0.62,0.52,0.0193449977760318,0.6
0.64,0.52,0.0193449977760318,0.6
0.66,0.52,0.0193449977760318,0.6
0.68,0.52,0.0193449977760318,0.6
0.7,0.52,0.0193449977760318,0.6
0.72,0.52,0.0193449977760318,0.6
0.74,0.52,0.0193449977760318,0.6
0.76,0.52,0.0193449977760318,0.6
0.78,0.52,0.0193449977760318,0.6
0.8,0.52,0.0193449977760318,0.6
0.82,0.52,0.0193449977760318,0.6
0.84,0.52,0.0193449977760318,0.6
0,0.54,0.0182863913348189,0.6
0.02,0.54,0.0182863913348189,0.6
0.04,0.54,0.0182863913348189,0.6
0.06,0.54,0.0182863913348189,0.6
0.08,0.54,0.0182863913348189,0.6
0.1,0.54,0.0182863913348189,0.6
0.12,0.54,0.0182863913348189,0.6
0.14,0.54,0.0182863913348189,0.6
0.16,0.54,0.0182863913348189,0.6
0.18,0.54,0.0182863913348189,0.6
0.2,0.54,0.0182863913348189,0.6
0.22,0.54,0.0182863913348189,0.6
0.24,0.54,0.0182863913348189,0.6
0.26,0.54,0.0182863913348189,0.6
0.28,0.54,0.0182863913348189,0.6
0.3,0.54,0.0182863913348189,0.6
0.32,0.54,0.0182863913348189,0.6
0.34,0.54,0.0182863913348189,0.6
0.36,0.54,0.0182863913348189,0.6
0.38,0.54,0.0182863913348189,0.6
0.4,0.54,0.0182863913348189,0.6
0.42,0.54,0.0182863913348189,0.6
0.44,0.54,0.0182863913348189,0.6
0.46,0.54,0.0182863913348189,0.6
0.48,0.54,0.0182863913348189,0.6
0.5,0.54,0.0182863913348189,0.6
0.52,0.54,0.0182863913348189,0.6
0.54,0.54,0.0182863913348189,0.6
0.56,0.54,0.0182863913348189,0.6
0.58,0.54,0.0182863913348189,0.6
0.6,0.54,0.0182863913348189,0.6
0.62,0.54,0.0182863913348189,0.6
0.64,0.54,0.0182863913348189,0.6
0.66,0.54,0.0182863913348189,0.6
0.68,0.54,0.0182863913348189,0.6
0.7,0.54,0.0182863913348189,0.6
0.72,0.54,0.0182863913348189,0.6
0.74,0.54,0.0182863913348189,0.6
0.76,0.54,0.0182863913348189,0.6
0.78,0.54,0.0182863913348189,0.6
0.8,0.54,0.0182863913348189,0.6
0.82,0.54,0.0182863913348189,0.6
0.84,0.54,0.0182863913348189,0.6
0,0.56,0.0172567638797498,0.6
0.02,0.56,0.0172567638797498,0.6
0.04,0.56,0.0172567638797498,0.6
0.06,0.56,0.0172567638797498,0.6
0.08,0.56,0.0172567638797498,0.6
0.1,0.56,0.0172567638797498,0.6
0.12,0.56,0.0172567638797498,0.6
0.14,0.56,0.0172567638797498,0.6
0.16,0.56,0.0172567638797498,0.6
0.18,0.56,0.0172567638797498,0.6
0.2,0.56,0.0172567638797498,0.6
0.22,0.56,0.0172567638797498,0.6
0.24,0.56,0.0172567638797498,0.6
0.26,0.56,0.0172567638797498,0.6
0.28,0.56,0.0172567638797498,0.6
0.3,0.56,0.0172567638797498,0.6
0.32,0.56,0.0172567638797498,0.6
0.34,0.56,0.0172567638797498,0.6
0.36,0.56,0.0172567638797498,0.6
0.38,0.56,0.0172567638797498,0.6
0.4,0.56,0.0172567638797498,0.6
0.42,0.56,0.0172567638797498,0.6
0.44,0.56,0.0172567638797498,0.6
0.46,0.56,0.0172567638797498,0.6
0.48,0.56,0.0172567638797498,0.6
0.5,0.56,0.0172567638797498,0.6
0.52,0.56,0.0172567638797498,0.6
0.54,0.56,0.0172567638797498,0.6
0.56,0.56,0.0172567638797498,0.6
0.58,0.56,0.0172567638797498,0.6
0.6,0.56,0.0172567638797498,0.6
0.62,0.56,0.0172567638797498,0.6
0.64,0.56,0.0172567638797498,0.6
0.66,0.56,0.0172567638797498,0.6
0.68,0.56,0.0172567638797498,0.6
0.7,0.56,0.0172567638797498,0.6
0.72,0.56,0.0172567638797498,0.6
0.74,0.56,0.0172567638797498,0.6
0.76,0.56,0.0172567638797498,0.6
0.78,0.56,0.0172567638797498,0.6
0.8,0.56,0.0172567638797498,0.6
0.82,0.56,0.0172567638797498,0.6
0.84,0.56,0.0172567638797498,0.6
0,0.58,0.0162548116223497,0.6
0.02,0.58,0.0162548116223497,0.6
0.04,0.58,0.0162548116223497,0.6
0.06,0.58,0.0162548116223497,0.6
0.08,0.58,0.0162548116223497,0.6
0.1,0.58,0.0162548116223497,0.6
0.12,0.58,0.0162548116223497,0.6
0.14,0.58,0.0162548116223497,0.6
0.16,0.58,0.0162548116223497,0.6
0.18,0.58,0.0162548116223497,0.6
0.2,0.58,0.0162548116223497,0.6
0.22,0.58,0.0162548116223497,0.6
0.24,0.58,0.0162548116223497,0.6
0.26,0.58,0.0162548116223497,0.6
0.28,0.58,0.0162548116223497,0.6
0.3,0.58,0.0162548116223497,0.6
0.32,0.58,0.0162548116223497,0.6
0.34,0.58,0.0162548116223497,0.6
0.36,0.58,0.0162548116223497,0.6
0.38,0.58,0.0162548116223497,0.6
0.4,0.58,0.0162548116223497,0.6
0.42,0.58,0.0162548116223497,0.6
0.44,0.58,0.0162548116223497,0.6
0.46,0.58,0.0162548116223497,0.6
0.48,0.58,0.0162548116223497,0.6
0.5,0.58,0.0162548116223497,0.6
0.52,0.58,0.0162548116223497,0.6
0.54,0.58,0.0162548116223497,0.6
0.56,0.58,0.0162548116223497,0.6
0.58,0.58,0.0162548116223497,0.6
0.6,0.58,0.0162548116223497,0.6
0.62,0.58,0.0162548116223497,0.6
0.64,0.58,0.0162548116223497,0.6
0.66,0.58,0.0162548116223497,0.6
0.68,0.58,0.0162548116223497,0.6
0.7,0.58,0.0162548116223497,0.6
0.72,0.58,0.0162548116223497,0.6
0.74,0.58,0.0162548116223497,0.6
0.76,0.58,0.0162548116223497,0.6
0.78,0.58,0.0162548116223497,0.6
0.8,0.58,0.0162548116223497,0.6
0.82,0.58,0.0162548116223497,0.6
0.84,0.58,0.0162548116223497,0.6
0,0.6,0.0152793202011284,0.6
0.02,0.6,0.0152793202011284,0.6
0.04,0.6,0.0152793202011284,0.6
0.06,0.6,0.0152793202011284,0.6
0.08,0.6,0.0152793202011284,0.6
0.1,0.6,0.0152793202011284,0.6
0.12,0.6,0.0152793202011284,0.6
0.14,0.6,0.0152793202011284,0.6
0.16,0.6,0.0152793202011284,0.6
0.18,0.6,0.0152793202011284,0.6
0.2,0.6,0.0152793202011284,0.6
0.22,0.6,0.0152793202011284,0.6
0.24,0.6,0.0152793202011284,0.6
0.26,0.6,0.0152793202011284,0.6
0.28,0.6,0.0152793202011284,0.6
0.3,0.6,0.0152793202011284,0.6
0.32,0.6,0.0152793202011284,0.6
0.34,0.6,0.0152793202011284,0.6
0.36,0.6,0.0152793202011284,0.6
0.38,0.6,0.0152793202011284,0.6
0.4,0.6,0.0152793202011284,0.6
0.42,0.6,0.0152793202011284,0.6
0.44,0.6,0.0152793202011284,0.6
0.46,0.6,0.0152793202011284,0.6
0.48,0.6,0.0152793202011284,0.6
0.5,0.6,0.0152793202011284,0.6
0.52,0.6,0.0152793202011284,0.6
0.54,0.6,0.0152793202011284,0.6
0.56,0.6,0.0152793202011284,0.6
0.58,0.6,0.0152793202011284,0.6
0.6,0.6,0.0152793202011284,0.6
0.62,0.6,0.0152793202011284,0.6
0.64,0.6,0.0152793202011284,0.6
0.66,0.6,0.0152793202011284,0.6
0.68,0.6,0.0152793202011284,0.6
0.7,0.6,0.0152793202011284,0.6
0.72,0.6,0.0152793202011284,0.6
0.74,0.6,0.0152793202011284,0.6
0.76,0.6,0.0152793202011284,0.6
0.78,0.6,0.0152793202011284,0.6
0.8,0.6,0.0152793202011284,0.6
0.82,0.6,0.0152793202011284,0.6
0.84,0.6,0.0152793202011284,0.6
0,0.62,0.0143291567652019,0.6
0.02,0.62,0.0143291567652019,0.6
0.04,0.62,0.0143291567652019,0.6
0.06,0.62,0.0143291567652019,0.6
0.08,0.62,0.0143291567652019,0.6
0.1,0.62,0.0143291567652019,0.6
0.12,0.62,0.0143291567652019,0.6
0.14,0.62,0.0143291567652019,0.6
0.16,0.62,0.0143291567652019,0.6
0.18,0.62,0.0143291567652019,0.6
0.2,0.62,0.0143291567652019,0.6
0.22,0.62,0.0143291567652019,0.6
0.24,0.62,0.0143291567652019,0.6
0.26,0.62,0.0143291567652019,0.6
0.28,0.62,0.0143291567652019,0.6
0.3,0.62,0.0143291567652019,0.6
0.32,0.62,0.0143291567652019,0.6
0.34,0.62,0.0143291567652019,0.6
0.36,0.62,0.0143291567652019,0.6
0.38,0.62,0.0143291567652019,0.6
0.4,0.62,0.0143291567652019,0.6
0.42,0.62,0.0143291567652019,0.6
0.44,0.62,0.0143291567652019,0.6
0.46,0.62,0.0143291567652019,0.6
0.48,0.62,0.0143291567652019,0.6
0.5,0.62,0.0143291567652019,0.6
0.52,0.62,0.0143291567652019,0.6
0.54,0.62,0.0143291567652019,0.6
0.56,0.62,0.0143291567652019,0.6
0.58,0.62,0.0143291567652019,0.6
0.6,0.62,0.0143291567652019,0.6
0.62,0.62,0.0143291567652019,0.6
0.64,0.62,0.0143291567652019,0.6
0.66,0.62,0.0143291567652019,0.6
0.68,0.62,0.0143291567652019,0.6
0.7,0.62,0.0143291567652019,0.6
0.72,0.62,0.0143291567652019,0.6
0.74,0.62,0.0143291567652019,0.6
0.76,0.62,0.0143291567652019,0.6
0.78,0.62,0.0143291567652019,0.6
0.8,0.62,0.0143291567652019,0.6
0.82,0.62,0.0143291567652019,0.6
0.84,0.62,0.0143291567652019,0.6
0,0.64,0.0134032629370163,0.6
0.02,0.64,0.0134032629370163,0.6
0.04,0.64,0.0134032629370163,0.6
0.06,0.64,0.0134032629370163,0.6
0.08,0.64,0.0134032629370163,0.6
0.1,0.64,0.0134032629370163,0.6
0.12,0.64,0.0134032629370163,0.6
0.14,0.64,0.0134032629370163,0.6
0.16,0.64,0.0134032629370163,0.6
0.18,0.64,0.0134032629370163,0.6
0.2,0.64,0.0134032629370163,0.6
0.22,0.64,0.0134032629370163,0.6
0.24,0.64,0.0134032629370163,0.6
0.26,0.64,0.0134032629370163,0.6
0.28,0.64,0.0134032629370163,0.6
0.3,0.64,0.0134032629370163,0.6
0.32,0.64,0.0134032629370163,0.6
0.34,0.64,0.0134032629370163,0.6
0.36,0.64,0.0134032629370163,0.6
0.38,0.64,0.0134032629370163,0.6
0.4,0.64,0.0134032629370163,0.6
0.42,0.64,0.0134032629370163,0.6
0.44,0.64,0.0134032629370163,0.6
0.46,0.64,0.0134032629370163,0.6
0.48,0.64,0.0134032629370163,0.6
0.5,0.64,0.0134032629370163,0.6
0.52,0.64,0.0134032629370163,0.6
0.54,0.64,0.0134032629370163,0.6
0.56,0.64,0.0134032629370163,0.6
0.58,0.64,0.0134032629370163,0.6
0.6,0.64,0.0134032629370163,0.6
0.62,0.64,0.0134032629370163,0.6
0.64,0.64,0.0134032629370163,0.6
0.66,0.64,0.0134032629370163,0.6
0.68,0.64,0.0134032629370163,0.6
0.7,0.64,0.0134032629370163,0.6
0.72,0.64,0.0134032629370163,0.6
0.74,0.64,0.0134032629370163,0.6
0.76,0.64,0.0134032629370163,0.6
0.78,0.64,0.0134032629370163,0.6
0.8,0.64,0.0134032629370163,0.6
0.82,0.64,0.0134032629370163,0.6
0.84,0.64,0.0134032629370163,0.6
0,0.66,0.0125006485397964,0.6
0.02,0.66,0.0125006485397964,0.6
0.04,0.66,0.0125006485397964,0.6
0.06,0.66,0.0125006485397964,0.6
0.08,0.66,0.0125006485397964,0.6
0.1,0.66,0.0125006485397964,0.6
0.12,0.66,0.0125006485397964,0.6
0.14,0.66,0.0125006485397964,0.6
0.16,0.66,0.0125006485397964,0.6
0.18,0.66,0.0125006485397964,0.6
0.2,0.66,0.0125006485397964,0.6
0.22,0.66,0.0125006485397964,0.6
0.24,0.66,0.0125006485397964,0.6
0.26,0.66,0.0125006485397964,0.6
0.28,0.66,0.0125006485397964,0.6
0.3,0.66,0.0125006485397964,0.6
0.32,0.66,0.0125006485397964,0.6
0.34,0.66,0.0125006485397964,0.6
0.36,0.66,0.0125006485397964,0.6
0.38,0.66,0.0125006485397964,0.6
0.4,0.66,0.0125006485397964,0.6
0.42,0.66,0.0125006485397964,0.6
0.44,0.66,0.0125006485397964,0.6
0.46,0.66,0.0125006485397964,0.6
0.48,0.66,0.0125006485397964,0.6
0.5,0.66,0.0125006485397964,0.6
0.52,0.66,0.0125006485397964,0.6
0.54,0.66,0.0125006485397964,0.6
0.56,0.66,0.0125006485397964,0.6
0.58,0.66,0.0125006485397964,0.6
0.6,0.66,0.0125006485397964,0.6
0.62,0.66,0.0125006485397964,0.6
0.64,0.66,0.0125006485397964,0.6
0.66,0.66,0.0125006485397964,0.6
0.68,0.66,0.0125006485397964,0.6
0.7,0.66,0.0125006485397964,0.6
0.72,0.66,0.0125006485397964,0.6
0.74,0.66,0.0125006485397964,0.6
0.76,0.66,0.0125006485397964,0.6
0.78,0.66,0.0125006485397964,0.6
0.8,0.66,0.0125006485397964,0.6
0.82,0.66,0.0125006485397964,0.6
0.84,0.66,0.0125006485397964,0.6
0,0.68,0.0116203859925602,0.6
0.02,0.68,0.0116203859925602,0.6
0.04,0.68,0.0116203859925602,0.6
0.06,0.68,0.0116203859925602,0.6
0.08,0.68,0.0116203859925602,0.6
0.1,0.68,0.0116203859925602,0.6
0.12,0.68,0.0116203859925602,0.6
0.14,0.68,0.0116203859925602,0.6
0.16,0.68,0.0116203859925602,0.6
0.18,0.68,0.0116203859925602,0.6
0.2,0.68,0.0116203859925602,0.6
0.22,0.68,0.0116203859925602,0.6
0.24,0.68,0.0116203859925602,0.6
0.26,0.68,0.0116203859925602,0.6
0.28,0.68,0.0116203859925602,0.6
0.3,0.68,0.0116203859925602,0.6
0.32,0.68,0.0116203859925602,0.6
0.34,0.68,0.0116203859925602,0.6
0.36,0.68,0.0116203859925602,0.6
0.38,0.68,0.0116203859925602,0.6
0.4,0.68,0.0116203859925602,0.6
0.42,0.68,0.0116203859925602,0.6
0.44,0.68,0.0116203859925602,0.6
0.46,0.68,0.0116203859925602,0.6
0.48,0.68,0.0116203859925602,0.6
0.5,0.68,0.0116203859925602,0.6
0.52,0.68,0.0116203859925602,0.6
0.54,0.68,0.0116203859925602,0.6
0.56,0.68,0.0116203859925602,0.6
0.58,0.68,0.0116203859925602,0.6
0.6,0.68,0.0116203859925602,0.6
0.62,0.68,0.0116203859925602,0.6
0.64,0.68,0.0116203859925602,0.6
0.66,0.68,0.0116203859925602,0.6
0.68,0.68,0.0116203859925602,0.6
0.7,0.68,0.0116203859925602,0.6
0.72,0.68,0.0116203859925602,0.6
0.74,0.68,0.0116203859925602,0.6
0.76,0.68,0.0116203859925602,0.6
0.78,0.68,0.0116203859925602,0.6
0.8,0.68,0.0116203859925602,0.6
0.82,0.68,0.0116203859925602,0.6
0.84,0.68,0.0116203859925602,0.6
0,0.7,0.0107616052898625,0.6
0.02,0.7,0.0107616052898625,0.6
0.04,0.7,0.0107616052898625,0.6
0.06,0.7,0.0107616052898625,0.6
0.08,0.7,0.0107616052898625,0.6
0.1,0.7,0.0107616052898625,0.6
0.12,0.7,0.0107616052898625,0.6
0.14,0.7,0.0107616052898625,0.6
0.16,0.7,0.0107616052898625,0.6
0.18,0.7,0.0107616052898625,0.6
0.2,0.7,0.0107616052898625,0.6
0.22,0.7,0.0107616052898625,0.6
0.24,0.7,0.0107616052898625,0.6
0.26,0.7,0.0107616052898625,0.6
0.28,0.7,0.0107616052898625,0.6
0.3,0.7,0.0107616052898625,0.6
0.32,0.7,0.0107616052898625,0.6
0.34,0.7,0.0107616052898625,0.6
0.36,0.7,0.0107616052898625,0.6
0.38,0.7,0.0107616052898625,0.6
0.4,0.7,0.0107616052898625,0.6
0.42,0.7,0.0107616052898625,0.6
0.44,0.7,0.0107616052898625,0.6
0.46,0.7,0.0107616052898625,0.6
0.48,0.7,0.0107616052898625,0.6
0.5,0.7,0.0107616052898625,0.6
0.52,0.7,0.0107616052898625,0.6
0.54,0.7,0.0107616052898625,0.6
0.56,0.7,0.0107616052898625,0.6
0.58,0.7,0.0107616052898625,0.6
0.6,0.7,0.0107616052898625,0.6
0.62,0.7,0.0107616052898625,0.6
0.64,0.7,0.0107616052898625,0.6
0.66,0.7,0.0107616052898625,0.6
0.68,0.7,0.0107616052898625,0.6
0.7,0.7,0.0107616052898625,0.6
0.72,0.7,0.0107616052898625,0.6
0.74,0.7,0.0107616052898625,0.6
0.76,0.7,0.0107616052898625,0.6
0.78,0.7,0.0107616052898625,0.6
0.8,0.7,0.0107616052898625,0.6
0.82,0.7,0.0107616052898625,0.6
0.84,0.7,0.0107616052898625,0.6
0,0.72,0.00992348949539125,0.6
0.02,0.72,0.00992348949539125,0.6
0.04,0.72,0.00992348949539125,0.6
0.06,0.72,0.00992348949539125,0.6
0.08,0.72,0.00992348949539125,0.6
0.1,0.72,0.00992348949539125,0.6
0.12,0.72,0.00992348949539125,0.6
0.14,0.72,0.00992348949539125,0.6
0.16,0.72,0.00992348949539125,0.6
0.18,0.72,0.00992348949539125,0.6
0.2,0.72,0.00992348949539125,0.6
0.22,0.72,0.00992348949539125,0.6
0.24,0.72,0.00992348949539125,0.6
0.26,0.72,0.00992348949539125,0.6
0.28,0.72,0.00992348949539125,0.6
0.3,0.72,0.00992348949539125,0.6
0.32,0.72,0.00992348949539125,0.6
0.34,0.72,0.00992348949539125,0.6
0.36,0.72,0.00992348949539125,0.6
0.38,0.72,0.00992348949539125,0.6
0.4,0.72,0.00992348949539125,0.6
0.42,0.72,0.00992348949539125,0.6
0.44,0.72,0.00992348949539125,0.6
0.46,0.72,0.00992348949539125,0.6
0.48,0.72,0.00992348949539125,0.6
0.5,0.72,0.00992348949539125,0.6
0.52,0.72,0.00992348949539125,0.6
0.54,0.72,0.00992348949539125,0.6
0.56,0.72,0.00992348949539125,0.6
0.58,0.72,0.00992348949539125,0.6
0.6,0.72,0.00992348949539125,0.6
0.62,0.72,0.00992348949539125,0.6
0.64,0.72,0.00992348949539125,0.6
0.66,0.72,0.00992348949539125,0.6
0.68,0.72,0.00992348949539125,0.6
0.7,0.72,0.00992348949539125,0.6
0.72,0.72,0.00992348949539125,0.6
0.74,0.72,0.00992348949539125,0.6
0.76,0.72,0.00992348949539125,0.6
0.78,0.72,0.00992348949539125,0.6
0.8,0.72,0.00992348949539125,0.6
0.82,0.72,0.00992348949539125,0.6
0.84,0.72,0.00992348949539125,0.6
0,0.74,0.00910527068857379,0.6
0.02,0.74,0.00910527068857379,0.6
0.04,0.74,0.00910527068857379,0.6
0.06,0.74,0.00910527068857379,0.6
0.08,0.74,0.00910527068857379,0.6
0.1,0.74,0.00910527068857379,0.6
0.12,0.74,0.00910527068857379,0.6
0.14,0.74,0.00910527068857379,0.6
0.16,0.74,0.00910527068857379,0.6
0.18,0.74,0.00910527068857379,0.6
0.2,0.74,0.00910527068857379,0.6
0.22,0.74,0.00910527068857379,0.6
0.24,0.74,0.00910527068857379,0.6
0.26,0.74,0.00910527068857379,0.6
0.28,0.74,0.00910527068857379,0.6
0.3,0.74,0.00910527068857379,0.6
0.32,0.74,0.00910527068857379,0.6
0.34,0.74,0.00910527068857379,0.6
0.36,0.74,0.00910527068857379,0.6
0.38,0.74,0.00910527068857379,0.6
0.4,0.74,0.00910527068857379,0.6
0.42,0.74,0.00910527068857379,0.6
0.44,0.74,0.00910527068857379,0.6
0.46,0.74,0.00910527068857379,0.6
0.48,0.74,0.00910527068857379,0.6
0.5,0.74,0.00910527068857379,0.6
0.52,0.74,0.00910527068857379,0.6
0.54,0.74,0.00910527068857379,0.6
0.56,0.74,0.00910527068857379,0.6
0.58,0.74,0.00910527068857379,0.6
0.6,0.74,0.00910527068857379,0.6
0.62,0.74,0.00910527068857379,0.6
0.64,0.74,0.00910527068857379,0.6
0.66,0.74,0.00910527068857379,0.6
0.68,0.74,0.00910527068857379,0.6
0.7,0.74,0.00910527068857379,0.6
0.72,0.74,0.00910527068857379,0.6
0.74,0.74,0.00910527068857379,0.6
0.76,0.74,0.00910527068857379,0.6
0.78,0.74,0.00910527068857379,0.6
0.8,0.74,0.00910527068857379,0.6
0.82,0.74,0.00910527068857379,0.6
0.84,0.74,0.00910527068857379,0.6
0,0.76,0.00830622631180646,0.6
0.02,0.76,0.00830622631180646,0.6
0.04,0.76,0.00830622631180646,0.6
0.06,0.76,0.00830622631180646,0.6
0.08,0.76,0.00830622631180646,0.6
0.1,0.76,0.00830622631180646,0.6
0.12,0.76,0.00830622631180646,0.6
0.14,0.76,0.00830622631180646,0.6
0.16,0.76,0.00830622631180646,0.6
0.18,0.76,0.00830622631180646,0.6
0.2,0.76,0.00830622631180646,0.6
0.22,0.76,0.00830622631180646,0.6
0.24,0.76,0.00830622631180646,0.6
0.26,0.76,0.00830622631180646,0.6
0.28,0.76,0.00830622631180646,0.6
0.3,0.76,0.00830622631180646,0.6
0.32,0.76,0.00830622631180646,0.6
0.34,0.76,0.00830622631180646,0.6
0.36,0.76,0.00830622631180646,0.6
0.38,0.76,0.00830622631180646,0.6
0.4,0.76,0.00830622631180646,0.6
0.42,0.76,0.00830622631180646,0.6
0.44,0.76,0.00830622631180646,0.6
0.46,0.76,0.00830622631180646,0.6
0.48,0.76,0.00830622631180646,0.6
0.5,0.76,0.00830622631180646,0.6
0.52,0.76,0.00830622631180646,0.6
0.54,0.76,0.00830622631180646,0.6
0.56,0.76,0.00830622631180646,0.6
0.58,0.76,0.00830622631180646,0.6
0.6,0.76,0.00830622631180646,0.6
0.62,0.76,0.00830622631180646,0.6
0.64,0.76,0.00830622631180646,0.6
0.66,0.76,0.00830622631180646,0.6
0.68,0.76,0.00830622631180646,0.6
0.7,0.76,0.00830622631180646,0.6
0.72,0.76,0.00830622631180646,0.6
0.74,0.76,0.00830622631180646,0.6
0.76,0.76,0.00830622631180646,0.6
0.78,0.76,0.00830622631180646,0.6
0.8,0.76,0.00830622631180646,0.6
0.82,0.76,0.00830622631180646,0.6
0.84,0.76,0.00830622631180646,0.6
0,0.78,0.00752567587306696,0.6
0.02,0.78,0.00752567587306696,0.6
0.04,0.78,0.00752567587306696,0.6
0.06,0.78,0.00752567587306696,0.6
0.08,0.78,0.00752567587306696,0.6
0.1,0.78,0.00752567587306696,0.6
0.12,0.78,0.00752567587306696,0.6
0.14,0.78,0.00752567587306696,0.6
0.16,0.78,0.00752567587306696,0.6
0.18,0.78,0.00752567587306696,0.6
0.2,0.78,0.00752567587306696,0.6
0.22,0.78,0.00752567587306696,0.6
0.24,0.78,0.00752567587306696,0.6
0.26,0.78,0.00752567587306696,0.6
0.28,0.78,0.00752567587306696,0.6
0.3,0.78,0.00752567587306696,0.6
0.32,0.78,0.00752567587306696,0.6
0.34,0.78,0.00752567587306696,0.6
0.36,0.78,0.00752567587306696,0.6
0.38,0.78,0.00752567587306696,0.6
0.4,0.78,0.00752567587306696,0.6
0.42,0.78,0.00752567587306696,0.6
0.44,0.78,0.00752567587306696,0.6
0.46,0.78,0.00752567587306696,0.6
0.48,0.78,0.00752567587306696,0.6
0.5,0.78,0.00752567587306696,0.6
0.52,0.78,0.00752567587306696,0.6
0.54,0.78,0.00752567587306696,0.6
0.56,0.78,0.00752567587306696,0.6
0.58,0.78,0.00752567587306696,0.6
0.6,0.78,0.00752567587306696,0.6
0.62,0.78,0.00752567587306696,0.6
0.64,0.78,0.00752567587306696,0.6
0.66,0.78,0.00752567587306696,0.6
0.68,0.78,0.00752567587306696,0.6
0.7,0.78,0.00752567587306696,0.6
0.72,0.78,0.00752567587306696,0.6
0.74,0.78,0.00752567587306696,0.6
0.76,0.78,0.00752567587306696,0.6
0.78,0.78,0.00752567587306696,0.6
0.8,0.78,0.00752567587306696,0.6
0.82,0.78,0.00752567587306696,0.6
0.84,0.78,0.00752567587306696,0.6
0,0.8,0.00676297796474589,0.6
0.02,0.8,0.00676297796474589,0.6
0.04,0.8,0.00676297796474589,0.6
0.06,0.8,0.00676297796474589,0.6
0.08,0.8,0.00676297796474589,0.6
0.1,0.8,0.00676297796474589,0.6
0.12,0.8,0.00676297796474589,0.6
0.14,0.8,0.00676297796474589,0.6
0.16,0.8,0.00676297796474589,0.6
0.18,0.8,0.00676297796474589,0.6
0.2,0.8,0.00676297796474589,0.6
0.22,0.8,0.00676297796474589,0.6
0.24,0.8,0.00676297796474589,0.6
0.26,0.8,0.00676297796474589,0.6
0.28,0.8,0.00676297796474589,0.6
0.3,0.8,0.00676297796474589,0.6
0.32,0.8,0.00676297796474589,0.6
0.34,0.8,0.00676297796474589,0.6
0.36,0.8,0.00676297796474589,0.6
0.38,0.8,0.00676297796474589,0.6
0.4,0.8,0.00676297796474589,0.6
0.42,0.8,0.00676297796474589,0.6
0.44,0.8,0.00676297796474589,0.6
0.46,0.8,0.00676297796474589,0.6
0.48,0.8,0.00676297796474589,0.6
0.5,0.8,0.00676297796474589,0.6
0.52,0.8,0.00676297796474589,0.6
0.54,0.8,0.00676297796474589,0.6
0.56,0.8,0.00676297796474589,0.6
0.58,0.8,0.00676297796474589,0.6
0.6,0.8,0.00676297796474589,0.6
0.62,0.8,0.00676297796474589,0.6
0.64,0.8,0.00676297796474589,0.6
0.66,0.8,0.00676297796474589,0.6
0.68,0.8,0.00676297796474589,0.6
0.7,0.8,0.00676297796474589,0.6
0.72,0.8,0.00676297796474589,0.6
0.74,0.8,0.00676297796474589,0.6
0.76,0.8,0.00676297796474589,0.6
0.78,0.8,0.00676297796474589,0.6
0.8,0.8,0.00676297796474589,0.6
0.82,0.8,0.00676297796474589,0.6
0.84,0.8,0.00676297796474589,0.6
0,0.82,0.00601752756471009,0.6
0.02,0.82,0.00601752756471009,0.6
0.04,0.82,0.00601752756471009,0.6
0.06,0.82,0.00601752756471009,0.6
0.08,0.82,0.00601752756471009,0.6
0.1,0.82,0.00601752756471009,0.6
0.12,0.82,0.00601752756471009,0.6
0.14,0.82,0.00601752756471009,0.6
0.16,0.82,0.00601752756471009,0.6
0.18,0.82,0.00601752756471009,0.6
0.2,0.82,0.00601752756471009,0.6
0.22,0.82,0.00601752756471009,0.6
0.24,0.82,0.00601752756471009,0.6
0.26,0.82,0.00601752756471009,0.6
0.28,0.82,0.00601752756471009,0.6
0.3,0.82,0.00601752756471009,0.6
0.32,0.82,0.00601752756471009,0.6
0.34,0.82,0.00601752756471009,0.6
0.36,0.82,0.00601752756471009,0.6
0.38,0.82,0.00601752756471009,0.6
0.4,0.82,0.00601752756471009,0.6
0.42,0.82,0.00601752756471009,0.6
0.44,0.82,0.00601752756471009,0.6
0.46,0.82,0.00601752756471009,0.6
0.48,0.82,0.00601752756471009,0.6
0.5,0.82,0.00601752756471009,0.6
0.52,0.82,0.00601752756471009,0.6
0.54,0.82,0.00601752756471009,0.6
0.56,0.82,0.00601752756471009,0.6
0.58,0.82,0.00601752756471009,0.6
0.6,0.82,0.00601752756471009,0.6
0.62,0.82,0.00601752756471009,0.6
0.64,0.82,0.00601752756471009,0.6
0.66,0.82,0.00601752756471009,0.6
0.68,0.82,0.00601752756471009,0.6
0.7,0.82,0.00601752756471009,0.6
0.72,0.82,0.00601752756471009,0.6
0.74,0.82,0.00601752756471009,0.6
0.76,0.82,0.00601752756471009,0.6
0.78,0.82,0.00601752756471009,0.6
0.8,0.82,0.00601752756471009,0.6
0.82,0.82,0.00601752756471009,0.6
0.84,0.82,0.00601752756471009,0.6
0,0.84,0.00528875359004697,0.6
0.02,0.84,0.00528875359004697,0.6
0.04,0.84,0.00528875359004697,0.6
0.06,0.84,0.00528875359004697,0.6
0.08,0.84,0.00528875359004697,0.6
0.1,0.84,0.00528875359004697,0.6
0.12,0.84,0.00528875359004697,0.6
0.14,0.84,0.00528875359004697,0.6
0.16,0.84,0.00528875359004697,0.6
0.18,0.84,0.00528875359004697,0.6
0.2,0.84,0.00528875359004697,0.6
0.22,0.84,0.00528875359004697,0.6
0.24,0.84,0.00528875359004697,0.6
0.26,0.84,0.00528875359004697,0.6
0.28,0.84,0.00528875359004697,0.6
0.3,0.84,0.00528875359004697,0.6
0.32,0.84,0.00528875359004697,0.6
0.34,0.84,0.00528875359004697,0.6
0.36,0.84,0.00528875359004697,0.6
0.38,0.84,0.00528875359004697,0.6
0.4,0.84,0.00528875359004697,0.6
0.42,0.84,0.00528875359004697,0.6
0.44,0.84,0.00528875359004697,0.6
0.46,0.84,0.00528875359004697,0.6
0.48,0.84,0.00528875359004697,0.6
0.5,0.84,0.00528875359004697,0.6
0.52,0.84,0.00528875359004697,0.6
0.54,0.84,0.00528875359004697,0.6
0.56,0.84,0.00528875359004697,0.6
0.58,0.84,0.00528875359004697,0.6
0.6,0.84,0.00528875359004697,0.6
0.62,0.84,0.00528875359004697,0.6
0.64,0.84,0.00528875359004697,0.6
0.66,0.84,0.00528875359004697,0.6
0.68,0.84,0.00528875359004697,0.6
0.7,0.84,0.00528875359004697,0.6
0.72,0.84,0.00528875359004697,0.6
0.74,0.84,0.00528875359004697,0.6
0.76,0.84,0.00528875359004697,0.6
0.78,0.84,0.00528875359004697,0.6
0.8,0.84,0.00528875359004697,0.6
0.82,0.84,0.00528875359004697,0.6
0.84,0.84,0.00528875359004697,0.6
0,0.86,0.00457611667774862,0.6
0.02,0.86,0.00457611667774862,0.6
0.04,0.86,0.00457611667774862,0.6
0.06,0.86,0.00457611667774862,0.6
0.08,0.86,0.00457611667774862,0.6
0.1,0.86,0.00457611667774862,0.6
0.12,0.86,0.00457611667774862,0.6
0.14,0.86,0.00457611667774862,0.6
0.16,0.86,0.00457611667774862,0.6
0.18,0.86,0.00457611667774862,0.6
0.2,0.86,0.00457611667774862,0.6
0.22,0.86,0.00457611667774862,0.6
0.24,0.86,0.00457611667774862,0.6
0.26,0.86,0.00457611667774862,0.6
0.28,0.86,0.00457611667774862,0.6
0.3,0.86,0.00457611667774862,0.6
0.32,0.86,0.00457611667774862,0.6
0.34,0.86,0.00457611667774862,0.6
0.36,0.86,0.00457611667774862,0.6
0.38,0.86,0.00457611667774862,0.6
0.4,0.86,0.00457611667774862,0.6
0.42,0.86,0.00457611667774862,0.6
0.44,0.86,0.00457611667774862,0.6
0.46,0.86,0.00457611667774862,0.6
0.48,0.86,0.00457611667774862,0.6
0.5,0.86,0.00457611667774862,0.6
0.52,0.86,0.00457611667774862,0.6
0.54,0.86,0.00457611667774862,0.6
0.56,0.86,0.00457611667774862,0.6
0.58,0.86,0.00457611667774862,0.6
0.6,0.86,0.00457611667774862,0.6
0.62,0.86,0.00457611667774862,0.6
0.64,0.86,0.00457611667774862,0.6
0.66,0.86,0.00457611667774862,0.6
0.68,0.86,0.00457611667774862,0.6
0.7,0.86,0.00457611667774862,0.6
0.72,0.86,0.00457611667774862,0.6
0.74,0.86,0.00457611667774862,0.6
0.76,0.86,0.00457611667774862,0.6
0.78,0.86,0.00457611667774862,0.6
0.8,0.86,0.00457611667774862,0.6
0.82,0.86,0.00457611667774862,0.6
0.84,0.86,0.00457611667774862,0.6
0,0.88,0.00387910716988791,0.6
0.02,0.88,0.00387910716988791,0.6
0.04,0.88,0.00387910716988791,0.6
0.06,0.88,0.00387910716988791,0.6
0.08,0.88,0.00387910716988791,0.6
0.1,0.88,0.00387910716988791,0.6
0.12,0.88,0.00387910716988791,0.6
0.14,0.88,0.00387910716988791,0.6
0.16,0.88,0.00387910716988791,0.6
0.18,0.88,0.00387910716988791,0.6
0.2,0.88,0.00387910716988791,0.6
0.22,0.88,0.00387910716988791,0.6
0.24,0.88,0.00387910716988791,0.6
0.26,0.88,0.00387910716988791,0.6
0.28,0.88,0.00387910716988791,0.6
0.3,0.88,0.00387910716988791,0.6
0.32,0.88,0.00387910716988791,0.6
0.34,0.88,0.00387910716988791,0.6
0.36,0.88,0.00387910716988791,0.6
0.38,0.88,0.00387910716988791,0.6
0.4,0.88,0.00387910716988791,0.6
0.42,0.88,0.00387910716988791,0.6
0.44,0.88,0.00387910716988791,0.6
0.46,0.88,0.00387910716988791,0.6
0.48,0.88,0.00387910716988791,0.6
0.5,0.88,0.00387910716988791,0.6
0.52,0.88,0.00387910716988791,0.6
0.54,0.88,0.00387910716988791,0.6
0.56,0.88,0.00387910716988791,0.6
0.58,0.88,0.00387910716988791,0.6
0.6,0.88,0.00387910716988791,0.6
0.62,0.88,0.00387910716988791,0.6
0.64,0.88,0.00387910716988791,0.6
0.66,0.88,0.00387910716988791,0.6
0.68,0.88,0.00387910716988791,0.6
0.7,0.88,0.00387910716988791,0.6
0.72,0.88,0.00387910716988791,0.6
0.74,0.88,0.00387910716988791,0.6
0.76,0.88,0.00387910716988791,0.6
0.78,0.88,0.00387910716988791,0.6
0.8,0.88,0.00387910716988791,0.6
0.82,0.88,0.00387910716988791,0.6
0.84,0.88,0.00387910716988791,0.6
0,0.9,0.00319724328369209,0.6
0.02,0.9,0.00319724328369209,0.6
0.04,0.9,0.00319724328369209,0.6
0.06,0.9,0.00319724328369209,0.6
0.08,0.9,0.00319724328369209,0.6
0.1,0.9,0.00319724328369209,0.6
0.12,0.9,0.00319724328369209,0.6
0.14,0.9,0.00319724328369209,0.6
0.16,0.9,0.00319724328369209,0.6
0.18,0.9,0.00319724328369209,0.6
0.2,0.9,0.00319724328369209,0.6
0.22,0.9,0.00319724328369209,0.6
0.24,0.9,0.00319724328369209,0.6
0.26,0.9,0.00319724328369209,0.6
0.28,0.9,0.00319724328369209,0.6
0.3,0.9,0.00319724328369209,0.6
0.32,0.9,0.00319724328369209,0.6
0.34,0.9,0.00319724328369209,0.6
0.36,0.9,0.00319724328369209,0.6
0.38,0.9,0.00319724328369209,0.6
0.4,0.9,0.00319724328369209,0.6
0.42,0.9,0.00319724328369209,0.6
0.44,0.9,0.00319724328369209,0.6
0.46,0.9,0.00319724328369209,0.6
0.48,0.9,0.00319724328369209,0.6
0.5,0.9,0.00319724328369209,0.6
0.52,0.9,0.00319724328369209,0.6
0.54,0.9,0.00319724328369209,0.6
0.56,0.9,0.00319724328369209,0.6
0.58,0.9,0.00319724328369209,0.6
0.6,0.9,0.00319724328369209,0.6
0.62,0.9,0.00319724328369209,0.6
0.64,0.9,0.00319724328369209,0.6
0.66,0.9,0.00319724328369209,0.6
0.68,0.9,0.00319724328369209,0.6
0.7,0.9,0.00319724328369209,0.6
0.72,0.9,0.00319724328369209,0.6
0.74,0.9,0.00319724328369209,0.6
0.76,0.9,0.00319724328369209,0.6
0.78,0.9,0.00319724328369209,0.6
0.8,0.9,0.00319724328369209,0.6
0.82,0.9,0.00319724328369209,0.6
0.84,0.9,0.00319724328369209,0.6
0,0.92,0.00253006944940738,0.6
0.02,0.92,0.00253006944940738,0.6
0.04,0.92,0.00253006944940738,0.6
0.06,0.92,0.00253006944940738,0.6
0.08,0.92,0.00253006944940738,0.6
0.1,0.92,0.00253006944940738,0.6
0.12,0.92,0.00253006944940738,0.6
0.14,0.92,0.00253006944940738,0.6
0.16,0.92,0.00253006944940738,0.6
0.18,0.92,0.00253006944940738,0.6
0.2,0.92,0.00253006944940738,0.6
0.22,0.92,0.00253006944940738,0.6
0.24,0.92,0.00253006944940738,0.6
0.26,0.92,0.00253006944940738,0.6
0.28,0.92,0.00253006944940738,0.6
0.3,0.92,0.00253006944940738,0.6
0.32,0.92,0.00253006944940738,0.6
0.34,0.92,0.00253006944940738,0.6
0.36,0.92,0.00253006944940738,0.6
0.38,0.92,0.00253006944940738,0.6
0.4,0.92,0.00253006944940738,0.6
0.42,0.92,0.00253006944940738,0.6
0.44,0.92,0.00253006944940738,0.6
0.46,0.92,0.00253006944940738,0.6
0.48,0.92,0.00253006944940738,0.6
0.5,0.92,0.00253006944940738,0.6
0.52,0.92,0.00253006944940738,0.6
0.54,0.92,0.00253006944940738,0.6
0.56,0.92,0.00253006944940738,0.6
0.58,0.92,0.00253006944940738,0.6
0.6,0.92,0.00253006944940738,0.6
0.62,0.92,0.00253006944940738,0.6
0.64,0.92,0.00253006944940738,0.6
0.66,0.92,0.00253006944940738,0.6
0.68,0.92,0.00253006944940738,0.6
0.7,0.92,0.00253006944940738,0.6
0.72,0.92,0.00253006944940738,0.6
0.74,0.92,0.00253006944940738,0.6
0.76,0.92,0.00253006944940738,0.6
0.78,0.92,0.00253006944940738,0.6
0.8,0.92,0.00253006944940738,0.6
0.82,0.92,0.00253006944940738,0.6
0.84,0.92,0.00253006944940738,0.6
0,0.94,0.00187715480102838,0.6
0.02,0.94,0.00187715480102838,0.6
0.04,0.94,0.00187715480102838,0.6
0.06,0.94,0.00187715480102838,0.6
0.08,0.94,0.00187715480102838,0.6
0.1,0.94,0.00187715480102838,0.6
0.12,0.94,0.00187715480102838,0.6
0.14,0.94,0.00187715480102838,0.6
0.16,0.94,0.00187715480102838,0.6
0.18,0.94,0.00187715480102838,0.6
0.2,0.94,0.00187715480102838,0.6
0.22,0.94,0.00187715480102838,0.6
0.24,0.94,0.00187715480102838,0.6
0.26,0.94,0.00187715480102838,0.6
0.28,0.94,0.00187715480102838,0.6
0.3,0.94,0.00187715480102838,0.6
0.32,0.94,0.00187715480102838,0.6
0.34,0.94,0.00187715480102838,0.6
0.36,0.94,0.00187715480102838,0.6
0.38,0.94,0.00187715480102838,0.6
0.4,0.94,0.00187715480102838,0.6
0.42,0.94,0.00187715480102838,0.6
0.44,0.94,0.00187715480102838,0.6
0.46,0.94,0.00187715480102838,0.6
0.48,0.94,0.00187715480102838,0.6
0.5,0.94,0.00187715480102838,0.6
0.52,0.94,0.00187715480102838,0.6
0.54,0.94,0.00187715480102838,0.6
0.56,0.94,0.00187715480102838,0.6
0.58,0.94,0.00187715480102838,0.6
0.6,0.94,0.00187715480102838,0.6
0.62,0.94,0.00187715480102838,0.6
0.64,0.94,0.00187715480102838,0.6
0.66,0.94,0.00187715480102838,0.6
0.68,0.94,0.00187715480102838,0.6
0.7,0.94,0.00187715480102838,0.6
0.72,0.94,0.00187715480102838,0.6
0.74,0.94,0.00187715480102838,0.6
0.76,0.94,0.00187715480102838,0.6
0.78,0.94,0.00187715480102838,0.6
0.8,0.94,0.00187715480102838,0.6
0.82,0.94,0.00187715480102838,0.6
0.84,0.94,0.00187715480102838,0.6
0,0.96,0.00123809180688676,0.6
0.02,0.96,0.00123809180688676,0.6
0.04,0.96,0.00123809180688676,0.6
0.06,0.96,0.00123809180688676,0.6
0.08,0.96,0.00123809180688676,0.6
0.1,0.96,0.00123809180688676,0.6
0.12,0.96,0.00123809180688676,0.6
0.14,0.96,0.00123809180688676,0.6
0.16,0.96,0.00123809180688676,0.6
0.18,0.96,0.00123809180688676,0.6
0.2,0.96,0.00123809180688676,0.6
0.22,0.96,0.00123809180688676,0.6
0.24,0.96,0.00123809180688676,0.6
0.26,0.96,0.00123809180688676,0.6
0.28,0.96,0.00123809180688676,0.6
0.3,0.96,0.00123809180688676,0.6
0.32,0.96,0.00123809180688676,0.6
0.34,0.96,0.00123809180688676,0.6
0.36,0.96,0.00123809180688676,0.6
0.38,0.96,0.00123809180688676,0.6
0.4,0.96,0.00123809180688676,0.6
0.42,0.96,0.00123809180688676,0.6
0.44,0.96,0.00123809180688676,0.6
0.46,0.96,0.00123809180688676,0.6
0.48,0.96,0.00123809180688676,0.6
0.5,0.96,0.00123809180688676,0.6
0.52,0.96,0.00123809180688676,0.6
0.54,0.96,0.00123809180688676,0.6
0.56,0.96,0.00123809180688676,0.6
0.58,0.96,0.00123809180688676,0.6
0.6,0.96,0.00123809180688676,0.6
0.62,0.96,0.00123809180688676,0.6
0.64,0.96,0.00123809180688676,0.6
0.66,0.96,0.00123809180688676,0.6
0.68,0.96,0.00123809180688676,0.6
0.7,0.96,0.00123809180688676,0.6
0.72,0.96,0.00123809180688676,0.6
0.74,0.96,0.00123809180688676,0.6
0.76,0.96,0.00123809180688676,0.6
0.78,0.96,0.00123809180688676,0.6
0.8,0.96,0.00123809180688676,0.6
0.82,0.96,0.00123809180688676,0.6
0.84,0.96,0.00123809180688676,0.6
0,0.98,0.000612495030529388,0.6
0.02,0.98,0.000612495030546106,0.6
0.04,0.98,0.000612495030562667,0.6
0.06,0.98,0.000612495030579093,0.6
0.08,0.98,0.000612495030595405,0.6
0.1,0.98,0.000612495030611635,0.6
0.12,0.98,0.000612495030627807,0.6
0.14,0.98,0.000612495030643931,0.6
0.16,0.98,0.000612495030660019,0.6
0.18,0.98,0.000612495030676113,0.6
0.2,0.98,0.000612495030692243,0.6
0.22,0.98,0.000612495030708394,0.6
0.24,0.98,0.000612495030724607,0.6
0.26,0.98,0.000612495030740901,0.6
0.28,0.98,0.000612495030757289,0.6
0.3,0.98,0.000612495030773813,0.6
0.32,0.98,0.000612495030790479,0.6
0.34,0.98,0.000612495030807302,0.6
0.36,0.98,0.000612495030824333,0.6
0.38,0.98,0.000612495030841576,0.6
0.4,0.98,0.000612495030859058,0.6
0.42,0.98,0.000612495030876796,0.6
0.44,0.98,0.000612495030894836,0.6
0.46,0.98,0.000612495030913202,0.6
0.48,0.98,0.000612495030931903,0.6
0.5,0.98,0.000612495030950999,0.6
0.52,0.98,0.000612495030970516,0.6
0.54,0.98,0.000612495030990488,0.6
0.56,0.98,0.000612495031010971,0.6
0.58,0.98,0.000612495031031973,0.6
0.6,0.98,0.000612495031053577,0.6
0.62,0.98,0.000612495031075817,0.6
0.64,0.98,0.000612495031098749,0.6
0.66,0.98,0.000612495031122428,0.6
0.68,0.98,0.000612495031146942,0.6
0.7,0.98,0.000612495031172346,0.6
0.72,0.98,0.000612495031198719,0.6
0.74,0.98,0.000612495031226187,0.6
0.76,0.98,0.000612495031254819,0.6
0.78,0.98,0.000612495031284761,0.6
0.8,0.98,0.000612495031316153,0.6
0.82,0.98,0.000612495031349121,0.6
0.84,0.98,0.000612495031383919,0.6
0,1,3.0708991654775e-05,0.6
0.02,1,3.0720615101565e-05,0.6
0.04,1,3.0732065655658e-05,0.6
0.06,1,3.07433597770653e-05,0.6
0.08,1,3.07545155958609e-05,0.6
0.1,1,3.07655481371765e-05,0.6
0.12,1,3.07764722374436e-05,0.6
0.14,1,3.07873022025609e-05,0.6
0.16,1,3.07980515878122e-05,0.6
0.18,1,3.08087336115579e-05,0.6
0.2,1,3.0819360974184e-05,0.6
0.22,1,3.08299460885799e-05,0.6
0.24,1,3.08405012757124e-05,0.6
0.26,1,3.08510382967534e-05,0.6
0.28,1,3.08615690726331e-05,0.6
0.3,1,3.08721049232067e-05,0.6
0.32,1,3.08826581931103e-05,0.6
0.34,1,3.08932403103305e-05,0.6
0.36,1,3.09038630762008e-05,0.6
0.38,1,3.0914538368088e-05,0.6
0.4,1,3.09252782861863e-05,0.6
0.42,1,3.09360951726822e-05,0.6
0.44,1,3.09470016744121e-05,0.6
0.46,1,3.09580108074117e-05,0.6
0.48,1,3.09691360405785e-05,0.6
0.5,1,3.09803913569857e-05,0.6
0.52,1,3.09917913410803e-05,0.6
0.54,1,3.10033512871802e-05,0.6
0.56,1,3.10150873126217e-05,0.6
0.58,1,3.10270164897771e-05,0.6
0.6,1,3.10391569926469e-05,0.6
0.62,1,3.10515282791491e-05,0.6
0.64,1,3.10641512642198e-05,0.6
0.66,1,3.10770486620691e-05,0.6
0.68,1,3.10902452216769e-05,0.6
0.7,1,3.11037681291063e-05,0.6
0.72,1,3.1117647505905e-05,0.6
0.74,1,3.11319169146339e-05,0.6
0.76,1,3.11466141904624e-05,0.6
0.78,1,3.11617823197486e-05,0.6
0.8,1,3.11774705746567e-05,0.6
0.82,1,3.11937363754384e-05,0.6
0.84,1,3.121064692841e-05,0.6
