f_values,Fishing,Initial_Coral,Final_Coral,Final_Turf,Final_Macroalgae,Final_Algae,Final_Grazers,Final_Generalists,Final_Browsers,Final_Herbivores,Final_Space,Id
0,0,0.75,0.7040120259247797,0.011643335941555939,0.011643335941555939,0.023286671883111877,0.41120360777743364,0,0.41120360777743364,0.8224072155548673,0.2727013021921084,Forward
0.005,0.005,0.7040120259247797,0.70382999510149,0.011729248654561932,0.011729248654561932,0.023458497309123864,0.409093253537795,0,0.409093253537795,0.81818650707559,0.2727115075893861,Forward
0.01,0.01,0.70382999510149,0.7036452076107592,0.011816464167063391,0.011816464167063391,0.023632928334126783,0.4069826266603958,0,0.4069826266603958,0.8139652533207916,0.272721864055114,Forward
0.015,0.015,0.7036452076107592,0.7034575990785383,0.011905012943636826,0.011905012943636826,0.023810025887273652,0.40487172052770837,0,0.40487172052770837,0.8097434410554167,0.272732375034188,Forward
0.02,0.02,0.7034575990785383,0.703267103070083,0.011994926425391399,0.011994926425391399,0.023989852850782797,0.40276052830260467,0,0.40276052830260467,0.8055210566052093,0.2727430440791342,Forward
0.025,0.025,0.703267103070083,0.7030736510052072,0.012086237070183943,0.012086237070183943,0.024172474140367887,0.4006490429190234,0,0.4006490429190234,0.8012980858380468,0.2727538748544248,Forward
0.03,0.03,0.7030736510052072,0.7028771720692375,0.012178978394875617,0.012178978394875617,0.024357956789751233,0.3985372570721484,0,0.3985372570721484,0.7970745141442968,0.2727648711410112,Forward
0.035,0.035,0.7028771720692375,0.7026775931194077,0.012273185019753958,0.012273185019753958,0.024546370039507916,0.39642516320806875,0,0.39642516320806875,0.7928503264161375,0.2727760368410844,Forward
0.04,0.04,0.7026775931194077,0.7024748385864187,0.012368892715253245,0.012368892715253245,0.02473778543050649,0.3943127535128888,0,0.3943127535128888,0.7886255070257776,0.2727873759830748,Forward
0.045,0.045,0.7024748385864187,0.7022688303708629,0.012466138451115482,0.012466138451115482,0.024932276902230963,0.39220001990125253,0,0.39220001990125253,0.7844000398025051,0.27279889272690616,Forward
0.05,0.05,0.7022688303708629,0.7020594877341885,0.012564960448145097,0.012564960448145097,0.025129920896290195,0.390086954004244,0,0.390086954004244,0.780173908008488,0.27281059136952135,Forward
0.055,0.055,0.7020594877341885,0.7018467271838656,0.012665398232720953,0.012665398232720953,0.025330796465441906,0.38797354715662613,0,0.38797354715662613,0.7759470943132523,0.27282247635069246,Forward
0.06,0.06,0.7018467271838656,0.7016304623523778,0.012767492694242358,0.012767492694242358,0.025534985388484716,0.3858597903833708,0,0.3858597903833708,0.7717195807667416,0.27283455225913744,Forward
0.065,0.065,0.7016304623523778,0.7014106038696445,0.012871286145698014,0.012871286145698014,0.025742572291396027,0.38374567438543555,0,0.38374567438543555,0.7674913487708711,0.27284682383895953,Forward
0.07,0.07,0.7014106038696445,0.7011870592284449,0.012976822387561957,0.012976822387561957,0.025953644775123914,0.3816311895247364,0,0.3816311895247364,0.7632623790494728,0.2728592959964311,Forward
0.075,0.075,0.7011870592284449,0.7009597326423834,0.013084146775235735,0.013084146775235735,0.02616829355047147,0.3795163258082617,0,0.3795163258082617,0.7590326516165234,0.2728719738071451,Forward
0.08,0.08,0.7009597326423834,0.7007285248958993,0.013193306290273083,0.013193306290273083,0.026386612580546167,0.37740107287126845,0,0.37740107287126845,0.7548021457425369,0.2728848625235545,Forward
0.085,0.085,0.7007285248958993,0.7004933331857857,0.013304349615642095,0.013304349615642095,0.02660869923128419,0.37528541995949843,0,0.37528541995949843,0.7505708399189969,0.27289796758293017,Forward
0.09,0.09,0.7004933331857857,0.7002540509536397,0.013417327215299786,0.013417327215299786,0.026834654430599573,0.37316935591034395,0,0.37316935591034395,0.7463387118206879,0.2729112946157607,Forward
0.095,0.095,0.7002540509536397,0.7000105677086219,0.013532291418376086,0.013532291418376086,0.02706458283675217,0.37105286913289115,0,0.37105286913289115,0.7421057382657823,0.2729248494546259,Forward
0.1,0.1,0.7000105677086219,0.6997627688398472,0.01364929650828844,0.01364929650828844,0.02729859301657688,0.368935947586759,0,0.368935947586759,0.737871895173518,0.2729386381435759,Forward
0.105,0.105,0.6997627688398472,0.699510535417682,0.01376839881713424,0.01376839881713424,0.02753679763426848,0.3668185787596479,0,0.3668185787596479,0.7336371575192958,0.2729526669480494,Forward
0.11,0.11,0.699510535417682,0.6992537439831535,0.013889656825737541,0.013889656825737541,0.027779313651475082,0.36470074964350224,0,0.36470074964350224,0.7294014992870045,0.27296694236537133,Forward
0.115,0.115,0.6992537439831535,0.6989922663246186,0.014013131269757548,0.014013131269757548,0.028026262539515095,0.36258244670918655,0,0.36258244670918655,0.7251648934183731,0.27298147113586624,Forward
0.12,0.12,0.6989922663246186,0.698725969240762,0.014138885252301428,0.014138885252301428,0.028277770504602857,0.3604636558795614,0,0.3604636558795614,0.7209273117591228,0.2729962602546351,Forward
0.125,0.125,0.698725969240762,0.6984547142889147,0.01426698436352183,0.01426698436352183,0.02853396872704366,0.3583443625008404,0,0.3583443625008404,0.7166887250016808,0.2730113169840417,Forward
0.13,0.13,0.6984547142889147,0.6981783575175984,0.014397496807721278,0.014397496807721278,0.028794993615442556,0.35622455131209346,0,0.35622455131209346,0.7124491026241869,0.27302664886695904,Forward
0.135,0.135,0.6981783575175984,0.6978967491821024,0.01453049353853168,0.01453049353853168,0.02906098707706336,0.35410420641275586,0,0.35410420641275586,0.7082084128255117,0.2730422637408342,Forward
0.14,0.14,0.6978967491821024,0.6976097334417932,0.014666048402788057,0.014666048402788057,0.029332096805576115,0.35198331122798293,0,0.35198331122798293,0.7039666224559659,0.27305816975263064,Forward
0.145,0.145,0.6976097334417932,0.697317148037743,0.014804238293771121,0.014804238293771121,0.029608476587542242,0.3498618484716814,0,0.3498618484716814,0.6997236969433628,0.2730743753747147,Forward
0.15,0.15,0.697317148037743,0.6970188239491285,0.014945143314555898,0.014945143314555898,0.029890286629111796,0.34773980010702804,0,0.34773980010702804,0.6954796002140561,0.27309088942175974,Forward
0.155,0.155,0.6970188239491285,0.696714585026714,0.015088846952270958,0.015088846952270958,0.030177693904541916,0.34561714730427234,0,0.34561714730427234,0.6912342946085447,0.27310772106874404,Forward
0.16,0.16,0.696714585026714,0.696404247601568,0.015235436264149908,0.015235436264149908,0.030470872528299817,0.3434938703955955,0,0.3434938703955955,0.686987740791191,0.2731248798701321,Forward
0.165,0.165,0.696404247601568,0.6960876200669925,0.01538500207633931,0.01538500207633931,0.03077000415267862,0.3413699488267819,0,0.3413699488267819,0.6827398976535638,0.27314237578032885,Forward
0.17,0.17,0.6960876200669925,0.6957645024314421,0.01553763919652196,0.01553763919652196,0.03107527839304392,0.33924536110542935,0,0.33924536110542935,0.6784907222108587,0.27316021917551403,Forward
0.17500000000000002,0.17500000000000002,0.6957645024314421,0.6954346858399998,0.015693446641517242,0.015693446641517242,0.031386893283034484,0.33712008474540023,0,0.33712008474540023,0.6742401694908005,0.27317842087696576,Forward
0.18,0.18,0.6954346858399998,0.6950979520617272,0.01585252788113659,0.01585252788113659,0.03170505576227318,0.3349940962071852,0,0.3349940962071852,0.6699881924143704,0.2731969921759996,Forward
0.185,0.185,0.6950979520617272,0.6947540729399424,0.016014991099700462,0.016014991099700462,0.032029982199400925,0.33286737083381623,0,0.33286737083381623,0.6657347416676325,0.2732159448606567,Forward
0.19,0.19,0.6947540729399424,0.6944028098021728,0.016180949476768142,0.016180949476768142,0.032361898953536285,0.3307398827819283,0,0.3307398827819283,0.6614797655638566,0.2732352912442909,Forward
0.195,0.195,0.6944028098021728,0.6940439128261939,0.01635052148879257,0.01635052148879257,0.03270104297758514,0.3286116049475261,0,0.3286116049475261,0.6572232098950522,0.27325504419622093,Forward
0.2,0.2,0.6940439128261939,0.6936771203581885,0.016523831233593148,0.016523831233593148,0.033047662467186295,0.32648250888596553,0,0.32648250888596553,0.65296501777193106,0.2732752171746252,Forward
0.20500000000000002,0.20500000000000002,0.6936771203581885,0.6933021581786305,0.016701008779743044,0.016701008779743044,0.03340201755948609,0.3243525647256037,0,0.3243525647256037,0.6487051294512074,0.27329582426188337,Forward
0.21,0.21,0.6933021581786305,0.6929187387110252,0.016882190543195653,0.016882190543195653,0.03376438108639131,0.32222174107451335,0,0.32222174107451335,0.6444434821490267,0.2733168802025835,Forward
0.215,0.215,0.6929187387110252,0.6925265601680942,0.0170675196937324,0.0170675196937324,0.0341350393874648,0.32009000491958656,0,0.32009000491958656,0.6401800098391731,0.273338400444441,Forward
0.22,0.22,0.6925265601680942,0.6921253056293885,0.0172571465941049,0.0172571465941049,0.0345142931882098,0.31795732151727724,0,0.31795732151727724,0.6359146430345545,0.2733604011824018,Forward
0.225,0.225,0.6921253056293885,0.6917146420436221,0.01745122927507328,0.01745122927507328,0.03490245855014656,0.3158236542751425,0,0.3158236542751425,0.631647308550285,0.2733828994062314,Forward
0.23,0.23,0.6917146420436221,0.6912942191482416,0.017649933949915354,0.017649933949915354,0.03529986789983071,0.31368896462324414,0,0.31368896462324414,0.6273779292464883,0.2734059129519276,Forward
0.23500000000000001,0.23500000000000001,0.6912942191482416,0.690863668297859,0.01785343557240455,0.01785343557240455,0.0357068711448091,0.3115532118743589,0,0.3115532118743589,0.6231064237487178,0.27342946055733197,Forward
0.24,0.24,0.690863668297859,0.6904226011921663,0.018061918442736958,0.018061918442736958,0.036123836885473916,0.3094163530718142,0,0.3094163530718142,0.6188327061436284,0.2734535619223598,Forward
0.245,0.245,0.6904226011921663,0.6899706084928071,0.018275576866437156,0.018275576866437156,0.03655115373287431,0.30727834282362115,0,0.30727834282362115,0.6145566856472423,0.27347823777431857,Forward
0.25,0.25,0.6899706084928071,0.6895072583173549,0.018494615871901744,0.018494615871901744,0.03698923174380349,0.3051391331214052,0,0.3051391331214052,0.6102782662428105,0.27350350993884154,Forward
0.255,0.255,0.6895072583173549,0.6890320945970508,0.018719251992959887,0.018719251992959887,0.037438503985919774,0.3029986731424412,0,0.3029986731424412,0.6059973462848824,0.2735294014170294,Forward
0.26,0.26,0.6890320945970508,0.6885446352832165,0.018949714123658448,0.018949714123658448,0.037899428247316895,0.3008569090328744,0,0.3008569090328744,0.6017138180657488,0.27355593646946663,Forward
0.265,0.265,0.6885446352832165,0.6880443703852697,0.019186244453432758,0.019186244453432758,0.038372488906865516,0.29871378366995227,0,0.29871378366995227,0.5974275673399045,0.2735831407078648,Forward
0.27,0.27,0.6880443703852697,0.6875307598209593,0.019429099491926522,0.019429099491926522,0.038858198983853044,0.2965692364007904,0,0.2965692364007904,0.5931384728015808,0.27361104119518764,Forward
0.275,0.275,0.6875307598209593,0.6870032310567811,0.019678551193999454,0.019678551193999454,0.03935710238799891,0.29442320275485023,0,0.29442320275485023,0.5888464055097005,0.27363966655522,Forward
0.28,0.28,0.6870032310567811,0.6864611765134299,0.019934888196944067,0.019934888196944067,0.03986977639388813,0.29227561412690123,0,0.29227561412690123,0.5845512282538025,0.273669047092682,Forward
0.28500000000000003,0.28500000000000003,0.6864611765134299,0.6859039507075412,0.02019841718365951,0.02019841718365951,0.04039683436731902,0.29012639742676793,0,0.29012639742676793,0.5802527948535359,0.2736992149251398,Forward
0.29,0.29,0.6859039507075412,0.6853308670967609,0.020469464387548316,0.020469464387548316,0.04093892877509663,0.2879754746916104,0,0.2879754746916104,0.5759509493832208,0.2737302041281424,Forward
0.295,0.295,0.6853308670967609,0.6847411945902391,0.02074837725726757,0.02074837725726757,0.04149675451453514,0.2858227626558359,0,0.2858227626558359,0.5716455253116718,0.27376205089522576,Forward
0.3,0.3,0.6847411945902391,0.6841341536808324,0.021035526302249738,0.021035526302249738,0.042071052604499476,0.28366817227297514,0,0.28366817227297514,0.5673363445459503,0.2737947937146681,Forward
0.305,0.305,0.6841341536808324,0.6835089121484433,0.021331307143193916,0.021331307143193916,0.04266261428638783,0.2815116081829508,0,0.2815116081829508,0.5630232163659016,0.2738284735651688,Forward
0.31,0.31,0.6835089121484433,0.6828645802757903,0.021636142795622277,0.021636142795622277,0.043272285591244554,0.27935296811708893,0,0.27935296811708893,0.5587059362341779,0.27386313413296515,Forward
0.315,0.315,0.6828645802757903,0.6822002055082406,0.02195048621922839,0.02195048621922839,0.04390097243845678,0.27719214223194377,0,0.27719214223194377,0.5543842844638875,0.2738988220533026,Forward
0.32,0.32,0.6822002055082406,0.6815147664777931,0.02227482317127618,0.02227482317127618,0.04454964634255236,0.2750290123614701,0,0.2750290123614701,0.5500580247229402,0.2739355871796546,Forward
0.325,0.325,0.6815147664777931,0.6808071662974473,0.022609675408944686,0.022609675408944686,0.04521935081788937,0.2728634511752335,0,0.2728634511752335,0.545726902350467,0.2739734828846633,Forward
0.33,0.33,0.6808071662974473,0.6800762250155229,0.022955604293509298,0.022955604293509298,0.045911208587018595,0.27069532122812046,0,0.27069532122812046,0.5413906424562409,0.2740125663974585,Forward
0.335,0.335,0.6800762250155229,0.6793206710992999,0.023313214858928333,0.023313214858928333,0.04662642971785667,0.2685244738843107,0,0.2685244738843107,0.5370489477686214,0.27405289918284337,Forward
0.34,0.34,0.6793206710992999,0.6785391317927973,0.023683160419179956,0.023683160419179956,0.04736632083835991,0.2663507480949743,0,0.2663507480949743,0.5327014961899486,0.27409454736884276,Forward
0.34500000000000003,0.34500000000000003,0.6785391317927973,0.677730122163482,0.024066147803092176,0.024066147803092176,0.04813229560618435,0.2641739690051246,0,0.2641739690051246,0.5283479380102492,0.2741375822303336,Forward
0.35000000000000003,0.35000000000000003,0.677730122163482,0.6768920326157926,0.024462943323114973,0.024462943323114973,0.048925886646229946,0.26199394636007994,0,0.26199394636007994,0.5239878927201599,0.27418208073797745,Forward
0.355,0.355,0.6768920326157926,0.6760231146037093,0.024874379606382238,0.024874379606382238,0.049748759212764476,0.25981047267581814,0,0.25981047267581814,0.5196209453516363,0.2742281261835262,Forward
0.36,0.36,0.6760231146037093,0.6751214642178176,0.02530136344366156,0.02530136344366156,0.05060272688732312,0.2576233211298214,0,0.2576233211298214,0.5152466422596428,0.27427580889485925,Forward
0.365,0.365,0.6751214642178176,0.6741850032511789,0.02574488484592495,0.02574488484592495,0.0514897696918499,0.25543224311935,0,0.25543224311935,0.5108644862387,0.27432522705697115,Forward
0.37,0.37,0.6741850032511789,0.6732114572586348,0.026206027541325946,0.026206027541325946,0.05241205508265189,0.25323696542188234,0,0.25323696542188234,0.5064739308437647,0.27437648765871325,Forward
0.375,0.375,0.6732114572586348,0.6721983300102102,0.026685981200075936,0.026685981200075936,0.05337196240015187,0.25103718687691484,0,0.25103718687691484,0.5020743737538297,0.2744297075896379,Forward
0.38,0.38,0.6721983300102102,0.6711428735933823,0.02718605574477142,0.02718605574477142,0.05437211148954284,0.24883257448836932,0,0.24883257448836932,0.49766514897673864,0.2744850149170749,Forward
0.385,0.385,0.6711428735933823,0.6700420532305603,0.027707698194210227,0.027707698194210227,0.055415396388420454,0.24662275882103857,0,0.24662275882103857,0.49324551764207714,0.27454255038101927,Forward
0.39,0.39,0.6700420532305603,0.6688925056326323,0.028252512606655063,0.028252512606655063,0.05650502521331013,0.2444073285307719,0,0.2444073285307719,0.4888146570615438,0.2746024691540576,Forward
0.395,0.395,0.6688925056326323,0.6676904893864445,0.028822283843674076,0.028822283843674076,0.05764456768734815,0.24218582382363993,0,0.24218582382363993,0.48437164764727986,0.27466494292620736,Forward
0.4,0.4,0.6676904893864445,0.6664318254446783,0.029419006082021623,0.029419006082021623,0.058838012164043246,0.23995772858004227,0,0.23995772858004227,0.47991545716008455,0.27473016239127845,Forward
0.405,0.405,0.6664318254446783,0.6651118252092563,0.030044917278491106,0.030044917278491106,0.06008983455698221,0.23772246079985246,0,0.23772246079985246,0.4754449215997049,0.2747983402337615,Forward
0.41000000000000003,0.41000000000000003,0.6651118252092563,0.6637252029136347,0.030702541170391073,0.030702541170391073,0.061405082340782145,0.2354793609157136,0,0.2354793609157136,0.4709587218314272,0.2748697147455832,Forward
0.41500000000000004,0.41500000000000004,0.6637252029136347,0.6622659679255711,0.03139473891535483,0.03139473891535483,0.06278947783070966,0.23322767737093794,0,0.23322767737093794,0.4664553547418759,0.2749445542437192,Forward
0.42,0.42,0.6622659679255711,0.6607272910753825,0.032124773203487555,0.032124773203487555,0.06424954640697511,0.23096654864711677,0,0.23096654864711677,0.46193309729423354,0.27502316251764236,Forward
0.425,0.425,0.6607272910753825,0.6591013369584909,0.032896388711938576,0.032896388711938576,0.06579277742387715,0.2286949806253399,0,0.2286949806253399,0.4573899612506798,0.27510588561763194,Forward
0.43,0.43,0.6591013369584909,0.6573790510413456,0.03371391427278703,0.03371391427278703,0.06742782854557405,0.2264118177280703,0,0.2264118177280703,0.4528236354561406,0.2751931204130803,Forward
0.435,0.435,0.6573790510413456,0.6555498857978919,0.034582394339417906,0.034582394339417906,0.06916478867883581,0.2241157056427429,0,0.2241157056427429,0.4482314112854858,0.27528532552327234,Forward
0.44,0.44,0.6555498857978919,0.6536014431676724,0.03550776067466013,0.03550776067466013,0.07101552134932027,0.22180504245216917,0,0.22180504245216917,0.44361008490433834,0.27538303548300735,Forward
0.445,0.445,0.6536014431676724,0.6515189999173053,0.0364970603390478,0.0364970603390478,0.0729941206780956,0.21947791348623158,0,0.21947791348623158,0.43895582697246316,0.27548687940459904,Forward
0.45,0.45,0.6515189999173053,0.6492848654959578,0.03755876423818863,0.03755876423818863,0.07511752847637726,0.21713200280683326,0,0.21713200280683326,0.4342640056136665,0.27559760602766503,Forward
0.455,0.455,0.6492848654959578,0.646877494170995,0.03870319387790637,0.03870319387790637,0.07740638775581274,0.21476447029695794,0,0.21476447029695794,0.4295289405939159,0.2757161180731922,Forward
0.46,0.46,0.646877494170995,0.6442702260858507,0.03994312668372832,0.03994312668372832,0.07988625336745664,0.21237177662590806,0,0.21237177662590806,0.4247435532518161,0.2758435205466926,Forward
0.465,0.465,0.6442702260858507,0.6414294485825028,0.04129468037295988,0.04129468037295988,0.08258936074591976,0.20994942649749196,0,0.20994942649749196,0.4198988529949839,0.27598119067157745,Forward
0.47000000000000003,0.47000000000000003,0.6414294485825028,0.6383118146348327,0.04277865131640583,0.04277865131640583,0.08555730263281167,0.20749157852693864,0,0.20749157852693864,0.4149831570538773,0.27613088273235564,Forward
0.47500000000000003,0.47500000000000003,0.6383118146348327,0.6348598515959852,0.0444226281798124,0.0444226281798124,0.0888452563596248,0.2049904266263679,0,0.2049904266263679,0.4099808532527358,0.27629489204438995,Forward
0.48,0.48,0.6348598515959852,0.6309946529874452,0.04626451090900118,0.04626451090900118,0.09252902181800236,0.20243516586604168,0,0.20243516586604168,0.40487033173208337,0.27647632519455245,Forward
0.485,0.485,0.6309946529874452,0.6266028702302133,0.048358776788340774,0.048358776788340774,0.09671755357668155,0.19981014345056822,0,0.19981014345056822,0.39962028690113643,0.2766795761931051,Forward
0.49,0.49,0.6266028702302133,0.6215114081882339,0.05078867444792259,0.05078867444792259,0.10157734889584517,0.19709124545280007,0,0.19709124545280007,0.39418249090560015,0.27691124291592095,Forward
0.495,0.495,0.6215114081882339,0.6154317184890172,0.05369307969056071,0.05369307969056071,0.10738615938112142,0.19423790535108634,0,0.19423790535108634,0.3884758107021727,0.2771821221298614,Forward
0.5,0.5,0.6154317184890172,0.607811921833423,0.05733781791639376,0.05733781791639376,0.11467563583278752,0.1911717882750147,0,0.1911717882750147,0.3823435765500294,0.27751244233378947,Forward
0.505,0.505,0.607811921833423,0.5972906153022601,0.062379224688232995,0.062379224688232995,0.12475844937646599,0.1876976563739505,0,0.1876976563739505,0.375395312747901,0.2779509353212739,Forward
0.51,0.51,0.5972906153022601,0.5763489926020738,0.07244707424675507,0.07244707424675507,0.14489414849351015,0.1827233846458039,0,0.1827233846458039,0.3654467692916078,0.27875685890441604,Forward
0.515,0.515,0.5763489926020738,0.05208343813882614,0.40703585280458676,0.40703585280458676,0.8140717056091735,0.10457814024919934,0,0.10457814024919934,0.20915628049839868,0.13384485625200038,Forward
0.52,0.52,0.05208343813882614,0.05103971638586492,0.40842918686746016,0.40842918686746016,0.8168583737349203,0.10334971915956467,0,0.10334971915956467,0.20669943831912935,0.13210190987921483,Forward
0.525,0.525,0.05103971638586492,0.05001962302468049,0.40980320509597423,0.40980320509597423,0.8196064101919485,0.1021277962810171,0,0.1021277962810171,0.2042555925620342,0.130373966783371,Forward
0.53,0.53,0.05001962302468049,0.04902214325284052,0.4111586900972594,0.4111586900972594,0.8223173801945188,0.10091212219865063,0,0.10091212219865063,0.20182424439730126,0.12866047655264073,Forward
0.535,0.535,0.04902214325284052,0.0480463283933192,0.41249637451308135,0.41249637451308135,0.8249927490261627,0.09970246281086816,0,0.09970246281086816,0.1994049256217363,0.126960922580518,Forward
0.54,0.54,0.0480463283933192,0.047091290137192314,0.41381694532536983,0.41381694532536983,0.8276338906507397,0.09849859803893268,0,0.09849859803893268,0.19699719607786537,0.12527481921206807,Forward
0.545,0.545,0.047091290137192314,0.04615619540960268,0.4151210476985503,0.4151210476985503,0.8302420953971006,0.09730032067341089,0,0.09730032067341089,0.19460064134682178,0.12360170919329672,Forward
0.55,0.55,0.04615619540960268,0.04524026177883071,0.41640928841800884,0.41640928841800884,0.8328185768360177,0.0961074353401423,0,0.0961074353401423,0.1922148706802846,0.12194116138515165,Forward
0.555,0.555,0.04524026177883071,0.044342753340180334,0.417682238975253,0.417682238975253,0.835364477950506,0.09491975757091421,0,0.09491975757091421,0.18983951514182842,0.12029276870931366,Forward
0.56,0.56,0.044342753340180334,0.043462977016285646,0.4189404383430306,0.4189404383430306,0.8378808766860611,0.09373711296614985,0,0.09373711296614985,0.1874742259322997,0.11865614629765325,Forward
0.5650000000000001,0.5650000000000001,0.043462977016285646,0.04260027922372252,0.42018439547755243,0.42018439547755243,0.8403687909551049,0.09255933643869592,0,0.09255933643869592,0.18511867287739184,0.11703092982117264,Forward
0.5700000000000001,0.5700000000000001,0.04260027922372252,0.04175404286276652,0.42141459157982547,0.42141459157982547,0.8428291831596509,0.09138627152929703,0,0.09138627152929703,0.18277254305859406,0.11541677397758249,Forward
0.5750000000000001,0.5750000000000001,0.04175404286276652,0.040923684593003044,0.4226314821437683,0.4226314821437683,0.8452629642875366,0.09021776978560803,0,0.09021776978560803,0.18043553957121605,0.1138133511194605,Forward
0.58,0.58,0.040923684593003044,0.04010865236246687,0.423835498815102,0.423835498815102,0.847670997630204,0.08905369019767098,0,0.08905369019767098,0.17810738039534196,0.11222035000732916,Forward
0.585,0.585,0.04010865236246687,0.039308423162203496,0.4250270510818976,0.4250270510818976,0.8500541021637952,0.08789389868369449,0,0.08789389868369449,0.17578779736738898,0.11063747467400137,Forward
0.59,0.59,0.039308423162203496,0.038522500981748795,0.4262065278149832,0.4262065278149832,0.8524130556299664,0.08673826762075526,0,0.08673826762075526,0.17347653524151052,0.10906444338828475,Forward
0.595,0.595,0.038522500981748795,0.03775041494409704,0.42737429867414894,0.42737429867414894,0.8547485973482979,0.08558667541570797,0,0.08558667541570797,0.17117335083141594,0.10750098770760513,Forward
0.6,0.6,0.03775041494409704,0.03699171760137029,0.42853071539412196,0.42853071539412196,0.8570614307882439,0.08443900611216461,0,0.08443900611216461,0.16887801222432922,0.1059468516103857,Forward
0.605,0.605,0.03699171760137029,0.03624598337467675,0.42967611296260255,0.42967611296260255,0.8593522259252051,0.08329514902989935,0,0.08329514902989935,0.1665902980597987,0.10440179070011812,Forward
0.61,0.61,0.03624598337467675,0.035512807123605036,0.4308108107011962,0.4308108107011962,0.8616216214023924,0.08215499843346195,0,0.08215499843346195,0.1643099968669239,0.10286557147400255,Forward
0.615,0.615,0.035512807123605036,0.03479180283250281,0.4319351132588183,0.4319351132588183,0.8638702265176366,0.08101845322715424,0,0.08101845322715424,0.1620369064543085,0.10133797064986061,Forward
0.62,0.62,0.03479180283250281,0.034082602402160725,0.43304931152605125,0.43304931152605125,0.8660986230521025,0.07988541667384651,0,0.07988541667384651,0.15977083334769301,0.09981877454573679,Forward
0.625,0.625,0.034082602402160725,0.03338485453680679,0.43415368347798317,0.43415368347798317,0.8683073669559663,0.07875579613539092,0,0.07875579613539092,0.15751159227078185,0.09830777850722677,Forward
0.63,0.63,0.03338485453680679,0.03269822371743468,0.4352484949522259,0.4352484949522259,0.8704969899044518,0.07762950283263542,0,0.07762950283263542,0.15525900566527084,0.09680478637811346,Forward
0.635,0.635,0.03269822371743468,0.0320223892534685,0.4363340003680816,0.4363340003680816,0.8726680007361632,0.07650645162325496,0,0.07650645162325496,0.15301290324650993,0.09530961001036825,Forward
0.64,0.64,0.0320223892534685,0.031357044405625124,0.4374104433921908,0.4374104433921908,0.8748208867843816,0.07538656079580769,0,0.07538656079580769,0.15077312159161538,0.09382206880999322,Forward
0.645,0.645,0.031357044405625124,0.030701895573587944,0.43847805755543307,0.43847805755543307,0.8769561151108661,0.07426975187858731,0,0.07426975187858731,0.14853950375717462,0.09234198931554588,Forward
0.65,0.65,0.030701895573587944,0.030056661542770785,0.43953706682535826,0.43953706682535826,0.8790741336507165,0.07315594946199112,0,0.07315594946199112,0.14631189892398225,0.09086920480651267,Forward
0.655,0.655,0.030056661542770785,0.02942107278503285,0.4405876861379913,0.4405876861379913,0.8811753722759826,0.0720450810332511,0,0.0720450810332511,0.1440901620665022,0.0894035549389845,Forward
0.66,0.66,0.02942107278503285,0.028794870808729413,0.44163012189246564,0.44163012189246564,0.8832602437849313,0.07093707682249058,0,0.07093707682249058,0.14187415364498115,0.08794488540633927,Forward
0.665,0.665,0.028794870808729413,0.02817780755393396,0.44266457241160234,0.44266457241160234,0.8853291448232047,0.06983186965917056,0,0.06983186965917056,0.1396637393183411,0.08649304762286131,Forward
0.67,0.67,0.02817780755393396,0.02756964482908034,0.4436912283712452,0.4436912283712452,0.8873824567424904,0.06872939483807913,0,0.06872939483807913,0.13745878967615827,0.0850478984284293,Forward
0.675,0.675,0.02756964482908034,0.026970153785631504,0.44471027320089507,0.44471027320089507,0.8894205464017901,0.06762958999409927,0,0.06762958999409927,0.13525917998819853,0.08360929981257836,Forward
0.68,0.68,0.026970153785631504,0.026379114427705498,0.4457218834579454,0.4457218834579454,0.8914437669158908,0.06653239498505994,0,0.06653239498505994,0.1330647899701199,0.08217711865640376,Forward
0.685,0.685,0.026379114427705498,0.025796315153876336,0.44672622917760507,0.44672622917760507,0.8934524583552101,0.0654377517820415,0,0.0654377517820415,0.130875503564083,0.08075122649091349,Forward
0.6900000000000001,0.6900000000000001,0.025796315153876336,0.02522155232862431,0.44772347420040537,0.44772347420040537,0.8954469484008107,0.06434560436656227,0,0.06434560436656227,0.12869120873312453,0.07933149927056493,Forward
0.6950000000000001,0.6950000000000001,0.02522155232862431,0.02465462988114022,0.4487137764790135,0.4487137764790135,0.897427552958027,0.06325589863412452,0,0.06325589863412452,0.12651179726824904,0.07791781716083274,Forward
0.7000000000000001,0.7000000000000001,0.02465462988114022,0.024095358929393927,0.4496972883659243,0.4496972883659243,0.8993945767318486,0.06216858230364553,0,0.06216858230364553,0.12433716460729106,0.07651006433875746,Forward
0.705,0.705,0.024095358929393927,0.02354355742756482,0.4506741568834574,0.4506741568834574,0.9013483137669148,0.061083604832339614,0,0.061083604832339614,0.12216720966467923,0.07510812880552037,Forward
0.71,0.71,0.02354355742756482,0.022999049835094265,0.4516445239773717,0.4516445239773717,0.9032890479547434,0.06000091733565331,0,0.06000091733565331,0.12000183467130662,0.07371190221016238,Forward
0.715,0.715,0.022999049835094265,0.022461666805775323,0.452608526755286,0.452608526755286,0.905217053510572,0.058920472511893925,0,0.058920472511893925,0.11784094502378785,0.0723212796836527,Forward
0.72,0.72,0.022461666805775323,0.02193124489542571,0.45356629771100304,0.45356629771100304,0.9071325954220061,0.057842224571215885,0,0.057842224571215885,0.11568444914243177,0.07093615968256822,Forward
0.725,0.725,0.02193124489542571,0.021407626286815234,0.45451796493573576,0.45451796493573576,0.9090359298714715,0.05676612916866239,0,0.05676612916866239,0.11353225833732478,0.06955644384171317,Forward
0.73,0.73,0.021407626286815234,0.02089065853062786,0.45546365231715613,0.45546365231715613,0.9109273046343123,0.05569214334098098,0,0.05569214334098098,0.11138428668196196,0.06818203683505986,Forward
0.735,0.735,0.02089065853062786,0.02038019430133948,0.45640347972710876,0.45640347972710876,0.9128069594542175,0.054620225446956626,0,0.054620225446956626,0.10924045089391325,0.06681284624444289,Forward
0.74,0.74,0.02038019430133948,0.019876091166982603,0.457337563198767,0.457337563198767,0.914675126397534,0.05355033511102476,0,0.05355033511102476,0.10710067022204953,0.0654487824354833,Forward
0.745,0.745,0.019876091166982603,0.0193782113718524,0.45826601509394266,0.45826601509394266,0.9165320301878853,0.05248243316994684,0,0.05248243316994684,0.10496486633989369,0.06408975844026238,Forward
0.75,0.75,0.0193782113718524,0.01888642163128197,0.45918894426120965,0.45918894426120965,0.9183778885224193,0.051416481622346286,0,0.051416481622346286,0.10283296324469257,0.06273568984629868,Forward
0.755,0.755,0.01888642163128197,0.018400592937685145,0.46010645618544666,0.46010645618544666,0.9202129123708933,0.05035244358091998,0,0.05035244358091998,0.10070488716183996,0.061386494691421545,Forward
0.76,0.76,0.018400592937685145,0.017920600377124667,0.46101865312935797,0.46101865312935797,0.9220373062587159,0.049290283227153106,0,0.049290283227153106,0.09858056645430621,0.06004209336415944,Forward
0.765,0.765,0.017920600377124667,0.01744632295572197,0.46192563426749195,0.46192563426749195,0.9238512685349839,0.04822996576837853,0,0.04822996576837853,0.09645993153675705,0.058702408509294035,Forward
0.77,0.77,0.01744632295572197,0.016977643435276125,0.4628274958132339,0.4628274958132339,0.9256549916264678,0.04717145739703418,0,0.04717145739703418,0.09434291479406837,0.057367364938256116,Forward
0.775,0.775,0.016977643435276125,0.016514448177506115,0.46372433113921613,0.46372433113921613,0.9274486622784323,0.0461147252519818,0,0.0461147252519818,0.0922294505039636,0.05603688954406166,Forward
0.78,0.78,0.016514448177506115,0.01605662699637495,0.4646162308915571,0.4646162308915571,0.9292324617831142,0.04505973738176089,0,0.04505973738176089,0.09011947476352178,0.05471091122051075,Forward
0.785,0.785,0.01605662699637495,0.015604073017992905,0.4655032830983083,0.4655032830983083,0.9310065661966166,0.04400646270966068,0,0.04400646270966068,0.08801292541932136,0.053389360785390416,Forward
0.79,0.79,0.015604073017992905,0.015156682547633563,0.46638557327246377,0.46638557327246377,0.9327711465449275,0.042954871000501056,0,0.042954871000501056,0.08590974200100211,0.052072170907438875,Forward
0.795,0.795,0.015156682547633563,0.014714354943430171,0.46726318450985854,0.46726318450985854,0.9345263690197171,0.0419049328290211,0,0.0419049328290211,0.0838098656580422,0.05075927603685265,Forward
0.8,0.8,0.014714354943430171,0.014276992496349852,0.46813619758226377,0.46813619758226377,0.9362723951645275,0.04085661954978115,0,0.04085661954978115,0.0817132390995623,0.049450612339122624,Forward
0.805,0.805,0.014276992496349852,0.01384450031607228,0.4690046910259585,0.4690046910259585,0.938009382051917,0.03980990326849039,0,0.03980990326849039,0.07961980653698078,0.048146117632010765,Forward
0.81,0.81,0.01384450031607228,0.013416786222423868,0.4698687412260462,0.4698687412260462,0.9397374824520924,0.038764756814678315,0,0.038764756814678315,0.07752951362935663,0.04684573132548381,Forward
0.8150000000000001,0.8150000000000001,0.013416786222423868,0.012993760642043994,0.47072842249675945,0.47072842249675945,0.9414568449935189,0.03772115371563362,0,0.03772115371563362,0.07544230743126724,0.04554939436443711,Forward
0.8200000000000001,0.8200000000000001,0.012993760642043994,0.012575336509980377,0.4715838071579846,0.4715838071579846,0.9431676143159692,0.03667906817153912,0,0.03667906817153912,0.07335813634307824,0.044257049174050545,Forward
0.8250000000000001,0.8250000000000001,0.012575336509980377,0.01216142917593263,0.4724349656082179,0.4724349656082179,0.9448699312164358,0.03563847503173664,0,0.03563847503173664,0.07127695006347327,0.04296863960763159,Forward
0.8300000000000001,0.8300000000000001,0.01216142917593263,0.011751956314879696,0.47328196639415726,0.47328196639415726,0.9465639327883145,0.03459934977205904,0,0.03459934977205904,0.06919869954411809,0.04168411089680574,Forward
0.835,0.835,0.011751956314879696,0.011346837841846478,0.4741248762771123,0.4741248762771123,0.9482497525542246,0.03356166847317161,0,0.03356166847317161,0.06712333694634322,0.040403409603928964,Forward
0.84,0.84,0.011346837841846478,0.010945995830578956,0.4749637602964108,0.4749637602964108,0.9499275205928216,0.032525407799868004,0,0.032525407799868004,0.06505081559973601,0.03912648357659937,Forward
0.845,0.845,0.010945995830578956,0.010549354435913517,0.47579868182996427,0.47579868182996427,0.9515973636599285,0.03149054498127019,0,0.03149054498127019,0.06298108996254038,0.037853281904157876,Forward
0.85,0.85,0.010549354435913517,0.010156839819639192,0.4766297026521446,0.4766297026521446,0.9532594053042892,0.030457057791883888,0,0.030457057791883888,0.060914115583767775,0.03658375487607152,Forward
0.855,0.855,0.010156839819639192,0.009768380079664001,0.47745688298911804,0.47745688298911804,0.9549137659782361,0.029424924533465506,0,0.029424924533465506,0.05884984906693101,0.035317853942099964,Forward
0.86,0.86,0.009768380079664001,0.009383905182309157,0.4782802815717688,0.4782802815717688,0.9565605631435375,0.02839412401765711,0,0.02839412401765711,0.05678824803531422,0.03405553167415337,Forward
0.865,0.865,0.009383905182309157,0.009003346897565559,0.47909995568634006,0.47909995568634006,0.9581999113726801,0.027364635549351528,0,0.027364635549351528,0.054729271098703056,0.032796741729754275,Forward
0.87,0.87,0.009003346897565559,0.008626638737157098,0.47991596122291047,0.47991596122291047,0.9598319224458209,0.026336438910749254,0,0.026336438910749254,0.05267287782149851,0.03154143881702198,Forward
0.875,0.875,0.008626638737157098,0.008253715895264606,0.48072835272181713,0.48072835272181713,0.9614567054436343,0.025309514346072554,0,0.025309514346072554,0.05061902869214511,0.030289578661101157,Forward
0.88,0.88,0.008253715895264606,0.007884515191773734,0.4815371834181313,0.4815371834181313,0.9630743668362626,0.024283842546903998,0,0.024283842546903998,0.048567685093807995,0.029041117971963792,Forward
0.885,0.885,0.007884515191773734,0.007518975017917742,0.4823425052842832,0.4823425052842832,0.9646850105685664,0.023259404638118295,0,0.023259404638118295,0.04651880927623659,0.027796014413515813,Forward
0.89,0.89,0.007518975017917742,0.007157035284194111,0.48314436907093106,0.48314436907093106,0.9662887381418621,0.022236182164378542,0,0.022236182164378542,0.044472364328757084,0.026554226573943795,Forward
0.895,0.895,0.007157035284194111,0.0067986373704405885,0.48394282434615854,0.48394282434615854,0.9678856486923171,0.02121415707716904,0,0.02121415707716904,0.04242831415433808,0.0253157139372423,Forward
0.9,0.9,0.0067986373704405885,0.006443724077963531,0.4847379195330868,0.4847379195330868,0.9694758390661736,0.020193311722339072,0,0.020193311722339072,0.040386623444678145,0.024080436855862863,Forward
0.905,0.905,0.006443724077963531,0.006092239583617607,0.4855297019459743,0.4855297019459743,0.9710594038919486,0.019173628828133265,0,0.019173628828133265,0.03834725765626653,0.02284835652443379,Forward
0.91,0.91,0.006092239583617607,0.005744129395740867,0.48631821782488105,0.48631821782488105,0.9726364356497621,0.01815509149368518,0,0.01815509149368518,0.03631018298737036,0.02161943495449703,Forward
0.915,0.915,0.005744129395740867,0.00539934031185587,0.48710351236896376,0.48710351236896376,0.9742070247379275,0.017137683177952508,0,0.017137683177952508,0.034275366355905015,0.02039363495021662,Forward
0.92,0.92,0.00539934031185587,0.005057820378051511,0.48788562976846855,0.48788562976846855,0.9757712595369371,0.01612138768907344,0,0.01612138768907344,0.03224277537814688,0.019170920085011478,Forward
0.925,0.925,0.005057820378051511,0.00471951884996561,0.4886646132354819,0.4886646132354819,0.9773292264709638,0.015106189174124337,0,0.015106189174124337,0.030212378348248674,0.017951254679070605,Forward
0.93,0.93,0.00471951884996561,0.00438438615529297,0.4894405050334978,0.4894405050334978,0.9788810100669956,0.014092072109261267,0,0.014092072109261267,0.028184144218522535,0.01673460377771141,Forward
0.935,0.935,0.00438438615529297,0.004052373857746521,0.49021334650585685,0.49021334650585685,0.9804266930117137,0.01307902129022617,0,0.01307902129022617,0.02615804258045234,0.01552093313053976,Forward
0.9400000000000001,0.9400000000000001,0.004052373857746521,0.0037234346224050076,0.4909831781031078,0.4909831781031078,0.9819663562062156,0.012067021823203418,0,0.012067021823203418,0.024134043646406835,0.014310209171379318,Forward
0.9450000000000001,0.9450000000000001,0.0037234346224050076,0.0033975221823822686,0.4917500394093429,0.4917500394093429,0.9835000788186858,0.011056059116009442,0,0.011056059116009442,0.022112118232018883,0.013102398998931841,Forward
0.9500000000000001,0.9500000000000001,0.0033975221823822686,0.0030745913067585593,0.4925139691675505,0.4925139691675505,0.985027938335101,0.010046118869601533,0,0.010046118869601533,0.020092237739203066,0.011897470358140372,Forward
0.9550000000000001,0.9550000000000001,0.0030745913067585593,0.0027545977697157483,0.49327500530403223,0.49327500530403223,0.9865500106080645,0.009037187069891338,0,0.009037187069891338,0.018074374139782676,0.010695391622219774,Forward
0.96,0.96,0.0027545977697157483,0.002437498320822904,0.4940331849519239,0.4940331849519239,0.9880663699038478,0.008029249979850092,0,0.008029249979850092,0.016058499959700184,0.00949613177532932,Forward
0.965,0.965,0.002437498320822904,0.0021232506564202703,0.4947885444738614,0.4947885444738614,0.9895770889477228,0.007022294131892542,0,0.007022294131892542,0.014044588263785084,0.00829966039585689,Forward
0.97,0.97,0.0021232506564202703,0.001811813392053496,0.49554111948382784,0.49554111948382784,0.9910822389676557,0.006016306320528632,0,0.006016306320528632,0.012032612641057264,0.007105947640290822,Forward
0.975,0.975,0.001811813392053496,0.0015031460359162298,0.496290944868209,0.496290944868209,0.992581889736418,0.005011273595281926,0,0.005011273595281926,0.010022547190563853,0.005914964227665687,Forward
0.98,0.98,0.0015031460359162298,0.0011972089639027445,0.4970380548047597,0.4970380548047597,0.9940761096095194,0.0040071832555149105,0,0.0040071832555149105,0.008014366511029821,0.004726681426577839,Forward
0.985,0.985,0.0011972089639027445,8.93963477174215e-4,0.49778248260370916,0.49778248260370916,0.9955649652074183,0.0030040230711363357,0,0.0030040230711363357,0.0060080461422726715,0.0035410713154074847,Forward
0.99,0.99,8.93963477174215e-4,5.933816889859391e-4,0.498524238122993,0.498524238122993,0.997048476245986,0.002001810757684987,0,0.002001810757684987,0.004003621515369974,0.0023581420650281015,Forward
0.995,0.995,5.933816889859391e-4,2.964625453960965e-4,0.49926087675946873,0.49926087675946873,0.9985217535189375,0.0010038357342939954,0,0.0010038357342939954,0.002007671468587991,0.0011817839356664805,Forward
1,1,2.964625453960965e-4,4.956777923073561e-5,0.4998769693280523,0.4998769693280523,0.9997539386561046,1.667955249185951e-4,0,1.667955249185951e-4,3.335910498371902e-4,1.9649356466472367e-4,Forward
1,1,4.956777923073561e-5,2.69003516837234e-5,0.49993301096606374,0.49993301096606374,0.9998660219321275,9.094964636767522e-5,0,9.094964636767522e-5,1.8189929273535043e-4,1.0707771618873041e-4,Reverse
0.995,0.995,2.69003516837234e-5,2.7560332507663106e-4,0.49931081926109155,0.49931081926109155,0.9986216385221831,9.372180171468271e-4,0,9.372180171468271e-4,0.0018744360342936542,0.0011027581527403019,Reverse
0.99,0.99,2.7560332507663106e-4,5.933362009432521e-4,0.49852434166038045,0.49852434166038045,0.9970486833207609,0.0020016758424424037,0,0.0020016758424424037,0.004003351684884807,0.0023579804782957736,Reverse
0.985,0.985,5.933362009432521e-4,8.939632205714517e-4,0.49778248315944595,0.49778248315944595,0.9955649663188919,0.0030040223640744696,0,0.0030040223640744696,0.006008044728148939,0.003541070460536644,Reverse
0.98,0.98,8.939632205714517e-4,0.0011972089620890262,0.49703805480848945,0.49703805480848945,0.9940761096169789,0.00400718325089106,0,0.00400718325089106,0.00801436650178212,0.004726681420932077,Reverse
0.975,0.975,0.0011972089620890262,0.0015031460359028557,0.496290944868235,0.496290944868235,0.99258188973647,0.005011273595250478,0,0.005011273595250478,0.010022547190500957,0.005914964227627162,Reverse
0.97,0.97,0.0015031460359028557,0.0018118133920530845,0.4955411194838288,0.4955411194838288,0.9910822389676576,0.006016306320528353,0,0.006016306320528353,0.012032612641056706,0.007105947640289323,Reverse
0.965,0.965,0.0018118133920530845,0.0021232506564198483,0.4947885444738624,0.4947885444738624,0.9895770889477248,0.007022294131892304,0,0.007022294131892304,0.014044588263784607,0.008299660395855446,Reverse
0.96,0.96,0.0021232506564198483,0.0024374983208223927,0.494033184951925,0.494033184951925,0.98806636990385,0.008029249979849667,0,0.008029249979849667,0.016058499959699334,0.009496131775327543,Reverse
0.9550000000000001,0.9550000000000001,0.0024374983208223927,0.0027545977697152483,0.4932750053040334,0.4932750053040334,0.9865500106080668,0.009037187069890975,0,0.009037187069890975,0.01807437413978195,0.010695391622218053,Reverse
0.9500000000000001,0.9500000000000001,0.0027545977697152483,0.0030745913067580706,0.49251396916755164,0.49251396916755164,0.9850279383351033,0.010046118869601203,0,0.010046118869601203,0.020092237739202407,0.011897470358138706,Reverse
0.9450000000000001,0.9450000000000001,0.0030745913067580706,0.0033975221823817924,0.491750039409344,0.491750039409344,0.983500078818688,0.011056059116009124,0,0.011056059116009124,0.02211211823201825,0.013102398998930231,Reverse
0.9400000000000001,0.9400000000000001,0.0033975221823817924,0.0037234346224045284,0.4909831781031089,0.4909831781031089,0.9819663562062177,0.012067021823203137,0,0.012067021823203137,0.024134043646406273,0.014310209171377708,Reverse
0.935,0.935,0.0037234346224045284,0.004052373857746041,0.49021334650585785,0.49021334650585785,0.9804266930117157,0.013079021290225918,0,0.013079021290225918,0.026158042580451835,0.015520933130538317,Reverse
0.93,0.93,0.004052373857746041,0.0043843861552924695,0.48944050503349884,0.48944050503349884,0.9788810100669977,0.014092072109261009,0,0.014092072109261009,0.028184144218522018,0.01673460377770991,Reverse
0.925,0.925,0.0043843861552924695,0.004719518849965078,0.48866461323548294,0.48866461323548294,0.9773292264709659,0.0151061891741241,0,0.0151061891741241,0.0302123783482482,0.017951254679068995,Reverse
0.92,0.92,0.004719518849965078,0.0050578203780509284,0.48788562976846966,0.48788562976846966,0.9757712595369393,0.01612138768907301,0,0.01612138768907301,0.03224277537814602,0.0191709200850097,Reverse
0.915,0.915,0.0050578203780509284,0.0053993403118553,0.48710351236896493,0.48710351236896493,0.9742070247379299,0.0171376831779521,0,0.0171376831779521,0.0342753663559042,0.0203936349502149,Reverse
0.91,0.91,0.0053993403118553,0.005744129395740293,0.4863182178248822,0.4863182178248822,0.9726364356497644,0.01815509149368481,0,0.01815509149368481,0.03631018298736962,0.02161943495449531,Reverse
0.905,0.905,0.005744129395740293,0.00609223958361703,0.48552970194597544,0.48552970194597544,0.9710594038919509,0.019173628828132894,0,0.019173628828132894,0.03834725765626579,0.022848356524432067,Reverse
0.9,0.9,0.00609223958361703,0.006443724077962981,0.48473791953308787,0.48473791953308787,0.9694758390661757,0.02019331172233873,0,0.02019331172233873,0.04038662344467746,0.024080436855861254,Reverse
0.895,0.895,0.006443724077962981,0.006798637370440034,0.4839428243461596,0.4839428243461596,0.9678856486923192,0.021214157077168703,0,0.021214157077168703,0.042428314154337406,0.02531571393724069,Reverse
0.89,0.89,0.006798637370440034,0.007157035284193592,0.483144369070932,0.483144369070932,0.966288738141864,0.022236182164378247,0,0.022236182164378247,0.044472364328756495,0.026554226573942297,Reverse
0.885,0.885,0.007157035284193592,0.007518975017917197,0.4823425052842843,0.4823425052842843,0.9646850105685686,0.023259404638117997,0,0.023259404638117997,0.046518809276235994,0.02779601441351426,Reverse
0.88,0.88,0.007518975017917197,0.007884515191773082,0.48153718341813234,0.48153718341813234,0.9630743668362647,0.024283842546903696,0,0.024283842546903696,0.04856768509380739,0.029041117971962183,Reverse
0.875,0.875,0.007884515191773082,0.008253715895263964,0.48072835272181824,0.48072835272181824,0.9614567054436365,0.02530951434607227,0,0.02530951434607227,0.05061902869214454,0.030289578661099603,Reverse
0.87,0.87,0.008253715895263964,0.008626638737156451,0.4799159612229116,0.4799159612229116,0.9598319224458232,0.026336438910748976,0,0.026336438910748976,0.05267287782149795,0.03154143881702043,Reverse
0.865,0.865,0.008626638737156451,0.00900334689756491,0.4790999556863412,0.4790999556863412,0.9581999113726823,0.027364635549351275,0,0.027364635549351275,0.05472927109870255,0.03279674172975272,Reverse
0.86,0.86,0.00900334689756491,0.009383905182308505,0.4782802815717699,0.4782802815717699,0.9565605631435398,0.028394124017656848,0,0.028394124017656848,0.056788248035313696,0.03405553167415182,Reverse
0.855,0.855,0.009383905182308505,0.009768380079663344,0.47745688298911915,0.47745688298911915,0.9549137659782383,0.029424924533465256,0,0.029424924533465256,0.05884984906693051,0.03531785394209841,Reverse
0.85,0.85,0.009768380079663344,0.010156839819638533,0.4766297026521457,0.4766297026521457,0.9532594053042914,0.03045705779188363,0,0.03045705779188363,0.06091411558376726,0.03658375487606996,Reverse
0.845,0.845,0.010156839819638533,0.010549354435912782,0.4757986818299656,0.4757986818299656,0.9515973636599312,0.03149054498126975,0,0.03149054498126975,0.0629810899625395,0.0378532819041561,Reverse
0.84,0.84,0.010549354435912782,0.010945995830578216,0.47496376029641213,0.47496376029641213,0.9499275205928243,0.03252540779986755,0,0.03252540779986755,0.0650508155997351,0.03912648357659759,Reverse
0.835,0.835,0.010945995830578216,0.011346837841845725,0.4741248762771136,0.4741248762771136,0.9482497525542272,0.033561668473171165,0,0.033561668473171165,0.06712333694634233,0.04040340960392713,Reverse
0.8300000000000001,0.8300000000000001,0.011346837841845725,0.011751956314878948,0.4732819663941586,0.4732819663941586,0.9465639327883172,0.03459934977205863,0,0.03459934977205863,0.06919869954411725,0.04168411089680396,Reverse
0.8250000000000001,0.8250000000000001,0.011751956314878948,0.012161429175931857,0.4724349656082192,0.4724349656082192,0.9448699312164384,0.03563847503173623,0,0.03563847503173623,0.07127695006347246,0.042968639607629755,Reverse
0.8200000000000001,0.8200000000000001,0.012161429175931857,0.012575336509979598,0.47158380715798587,0.47158380715798587,0.9431676143159717,0.036679068171538695,0,0.036679068171538695,0.07335813634307739,0.04425704917404871,Reverse
0.8150000000000001,0.8150000000000001,0.012575336509979598,0.01299376064204322,0.4707284224967607,0.4707284224967607,0.9414568449935214,0.03772115371563322,0,0.03772115371563322,0.07544230743126644,0.04554939436443528,Reverse
0.81,0.81,0.01299376064204322,0.013416786222423123,0.4698687412260474,0.4698687412260474,0.9397374824520948,0.03876475681467795,0,0.03876475681467795,0.0775295136293559,0.04684573132548209,Reverse
0.805,0.805,0.013416786222423123,0.01384450031607154,0.4690046910259597,0.4690046910259597,0.9380093820519194,0.039809903268490016,0,0.039809903268490016,0.07961980653698003,0.0481461176320091,Reverse
0.8,0.8,0.01384450031607154,0.014276992496349108,0.468136197582265,0.468136197582265,0.93627239516453,0.04085661954978078,0,0.04085661954978078,0.08171323909956156,0.04945061233912096,Reverse
0.795,0.795,0.014276992496349108,0.01471435494342942,0.46726318450985976,0.46726318450985976,0.9345263690197195,0.04190493282902075,0,0.04190493282902075,0.0838098656580415,0.05075927603685099,Reverse
0.79,0.79,0.01471435494342942,0.015156682547632815,0.466385573272465,0.466385573272465,0.93277114654493,0.042954871000500716,0,0.042954871000500716,0.08590974200100143,0.05207217090743721,Reverse
0.785,0.785,0.015156682547632815,0.015604073017992107,0.46550328309830963,0.46550328309830963,0.9310065661966193,0.04400646270966035,0,0.04400646270966035,0.0880129254193207,0.05338936078538864,Reverse
0.78,0.78,0.015604073017992107,0.016056626996373977,0.4646162308915585,0.4646162308915585,0.929232461783117,0.045059737381760535,0,0.045059737381760535,0.09011947476352107,0.05471091122050903,Reverse
0.775,0.775,0.016056626996373977,0.01651444817750512,0.46372433113921746,0.46372433113921746,0.9274486622784349,0.04611472525198145,0,0.04611472525198145,0.0922294505039629,0.05603688954405989,Reverse
0.77,0.77,0.01651444817750512,0.016977643435275143,0.46282749581323523,0.46282749581323523,0.9256549916264705,0.047171457397033836,0,0.047171457397033836,0.09434291479406767,0.05736736493825434,Reverse
0.765,0.765,0.016977643435275143,0.017446322955720982,0.46192563426749333,0.46192563426749333,0.9238512685349867,0.04822996576837819,0,0.04822996576837819,0.09645993153675637,0.058702408509292314,Reverse
0.76,0.76,0.017446322955720982,0.017920600377123667,0.46101865312935936,0.46101865312935936,0.9220373062587187,0.04929028322715275,0,0.04929028322715275,0.0985805664543055,0.06004209336415772,Reverse
0.755,0.755,0.017920600377123667,0.018400592937684108,0.46010645618544804,0.46010645618544804,0.9202129123708961,0.05035244358091965,0,0.05035244358091965,0.1007048871618393,0.06138649469141971,Reverse
0.75,0.75,0.018400592937684108,0.018886421631280906,0.4591889442612111,0.4591889442612111,0.9183778885224222,0.051416481622345925,0,0.051416481622345925,0.10283296324469185,0.0627356898462968,Reverse
0.745,0.745,0.018886421631280906,0.01937821137185132,0.4582660150939441,0.4582660150939441,0.9165320301878882,0.0524824331699465,0,0.0524824331699465,0.104964866339893,0.06408975844026049,Reverse
0.74,0.74,0.01937821137185132,0.019876091166981587,0.4573375631987684,0.4573375631987684,0.9146751263975368,0.05355033511102445,0,0.05355033511102445,0.1071006702220489,0.06544878243548158,Reverse
0.735,0.735,0.019876091166981587,0.020380194301338406,0.45640347972711026,0.45640347972711026,0.9128069594542205,0.054620225446956286,0,0.054620225446956286,0.10924045089391257,0.06681284624444106,Reverse
0.73,0.73,0.020380194301338406,0.0208906585306268,0.4554636523171576,0.4554636523171576,0.9109273046343151,0.05569214334098066,0,0.05569214334098066,0.11138428668196132,0.06818203683505808,Reverse
0.725,0.725,0.0208906585306268,0.02140762628681415,0.45451796493573726,0.45451796493573726,0.9090359298714745,0.05676612916866204,0,0.05676612916866204,0.11353225833732408,0.06955644384171134,Reverse
0.72,0.72,0.02140762628681415,0.021931244895424667,0.45356629771100443,0.45356629771100443,0.9071325954220089,0.05784222457121558,0,0.05784222457121558,0.11568444914243116,0.0709361596825665,Reverse
0.715,0.715,0.021931244895424667,0.02246166680577427,0.4526085267552874,0.4526085267552874,0.9052170535105748,0.0589204725118936,0,0.0589204725118936,0.1178409450237872,0.07232127968365099,Reverse
0.71,0.71,0.02246166680577427,0.022999049835093197,0.4516445239773731,0.4516445239773731,0.9032890479547462,0.060000917335653006,0,0.060000917335653006,0.12000183467130601,0.07371190221016066,Reverse
0.705,0.705,0.022999049835093197,0.023543557427563748,0.4506741568834588,0.4506741568834588,0.9013483137669176,0.06108360483233931,0,0.06108360483233931,0.12216720966467862,0.07510812880551865,Reverse
0.7000000000000001,0.7000000000000001,0.023543557427563748,0.024095358929392848,0.4496972883659257,0.4496972883659257,0.8993945767318514,0.062168582303645255,0,0.062168582303645255,0.12433716460729051,0.07651006433875573,Reverse
0.6950000000000001,0.6950000000000001,0.024095358929392848,0.024654629881138975,0.44871377647901517,0.44871377647901517,0.8974275529580303,0.063255898634124,0,0.063255898634124,0.126511797268248,0.07791781716083063,Reverse
0.6900000000000001,0.6900000000000001,0.024654629881138975,0.02522155232862306,0.44772347420040703,0.44772347420040703,0.8954469484008141,0.06434560436656171,0,0.06434560436656171,0.12869120873312342,0.07933149927056282,Reverse
0.685,0.685,0.02522155232862306,0.025796315153875087,0.4467262291776068,0.4467262291776068,0.8934524583552136,0.06543775178204098,0,0.06543775178204098,0.13087550356408195,0.08075122649091143,Reverse
0.68,0.68,0.025796315153875087,0.02637911442770423,0.44572188345794705,0.44572188345794705,0.8914437669158941,0.06653239498505938,0,0.06653239498505938,0.13306478997011875,0.08217711865640165,Reverse
0.675,0.675,0.02637911442770423,0.02697015378563023,0.44471027320089673,0.44471027320089673,0.8894205464017935,0.06762958999409874,0,0.06762958999409874,0.13525917998819748,0.08360929981257625,Reverse
0.67,0.67,0.02697015378563023,0.027569644829079115,0.4436912283712468,0.4436912283712468,0.8873824567424936,0.06872939483807863,0,0.06872939483807863,0.13745878967615727,0.08504789842842736,Reverse
0.665,0.665,0.027569644829079115,0.028177807553932673,0.44266457241160406,0.44266457241160406,0.8853291448232081,0.06983186965917003,0,0.06983186965917003,0.13966373931834006,0.08649304762285925,Reverse
0.66,0.66,0.028177807553932673,0.028794870808728116,0.44163012189246736,0.44163012189246736,0.8832602437849347,0.07093707682249008,0,0.07093707682249008,0.14187415364498016,0.08794488540633721,Reverse
0.655,0.655,0.028794870808728116,0.029421072785031546,0.440587686137993,0.440587686137993,0.881175372275986,0.07204508103325058,0,0.07204508103325058,0.14409016206650116,0.08940355493898239,Reverse
0.65,0.65,0.029421072785031546,0.03005666154276947,0.43953706682536,0.43953706682536,0.87907413365072,0.07315594946199061,0,0.07315594946199061,0.14631189892398122,0.09086920480651062,Reverse
0.645,0.645,0.03005666154276947,0.030701895573586616,0.4384780575554348,0.4384780575554348,0.8769561151108696,0.0742697518785868,0,0.0742697518785868,0.1485395037571736,0.09234198931554383,Reverse
0.64,0.64,0.030701895573586616,0.03135704440562333,0.4374104433921928,0.4374104433921928,0.8748208867843856,0.07538656079580715,0,0.07538656079580715,0.1507731215916143,0.093822068809991,Reverse
0.635,0.635,0.03135704440562333,0.032022389253466656,0.4363340003680836,0.4363340003680836,0.8726680007361672,0.07650645162325441,0,0.07650645162325441,0.15301290324650882,0.09530961001036603,Reverse
0.63,0.63,0.032022389253466656,0.03269822371743285,0.43524849495222795,0.43524849495222795,0.8704969899044559,0.07762950283263487,0,0.07762950283263487,0.15525900566526973,0.0968047863781113,Reverse
0.625,0.625,0.03269822371743285,0.03338485453680489,0.43415368347798533,0.43415368347798533,0.8683073669559707,0.07875579613539038,0,0.07875579613539038,0.15751159227078076,0.0983077785072245,Reverse
0.62,0.62,0.03338485453680489,0.03408260240215884,0.43304931152605325,0.43304931152605325,0.8660986230521065,0.07988541667384594,0,0.07988541667384594,0.15977083334769188,0.09981877454573457,Reverse
0.615,0.615,0.03408260240215884,0.03479180283250088,0.43193511325882045,0.43193511325882045,0.8638702265176409,0.08101845322715369,0,0.08101845322715369,0.16203690645430738,0.10133797064985833,Reverse
0.61,0.61,0.03479180283250088,0.03551280712360309,0.43081081070119837,0.43081081070119837,0.8616216214023967,0.0821549984334614,0,0.0821549984334614,0.1643099968669228,0.10286557147400027,Reverse
0.605,0.605,0.03551280712360309,0.03624598337467478,0.4296761129626047,0.4296761129626047,0.8593522259252094,0.08329514902989882,0,0.08329514902989882,0.16659029805979764,0.10440179070011585,Reverse
0.6,0.6,0.03624598337467478,0.03699171760136831,0.42853071539412413,0.42853071539412413,0.8570614307882483,0.08443900611216407,0,0.08443900611216407,0.16887801222432813,0.10594685161038342,Reverse
0.595,0.595,0.03699171760136831,0.03775041494409502,0.42737429867415105,0.42737429867415105,0.8547485973483021,0.0855866754157074,0,0.0855866754157074,0.1711733508314148,0.1075009877076028,Reverse
0.59,0.59,0.03775041494409502,0.038522500981746775,0.42620652781498536,0.42620652781498536,0.8524130556299707,0.08673826762075472,0,0.08673826762075472,0.17347653524150944,0.10906444338828247,Reverse
0.585,0.585,0.038522500981746775,0.03930842316220147,0.4250270510818997,0.4250270510818997,0.8500541021637994,0.08789389868369395,0,0.08789389868369395,0.1757877973673879,0.11063747467399904,Reverse
0.58,0.58,0.03930842316220147,0.04010865236246482,0.42383549881510413,0.42383549881510413,0.8476709976302083,0.08905369019767044,0,0.08905369019767044,0.17810738039534088,0.11222035000732683,Reverse
0.5750000000000001,0.5750000000000001,0.04010865236246482,0.04092368459300095,0.4226314821437704,0.4226314821437704,0.8452629642875408,0.09021776978560747,0,0.09021776978560747,0.18043553957121494,0.11381335111945817,Reverse
0.5700000000000001,0.5700000000000001,0.04092368459300095,0.04175404286276432,0.42141459157982786,0.42141459157982786,0.8428291831596557,0.09138627152929643,0,0.09138627152929643,0.18277254305859286,0.11541677397757999,Reverse
0.5650000000000001,0.5650000000000001,0.04175404286276432,0.042600279223720415,0.4201843954775546,0.4201843954775546,0.8403687909551092,0.09255933643869536,0,0.09255933643869536,0.18511867287739073,0.11703092982117036,Reverse
0.56,0.56,0.042600279223720415,0.04346297701628348,0.41894043834303285,0.41894043834303285,0.8378808766860657,0.09373711296614926,0,0.09373711296614926,0.1874742259322985,0.11865614629765087,Reverse
0.555,0.555,0.04346297701628348,0.04434275334017816,0.4176822389752553,0.4176822389752553,0.8353644779505106,0.09491975757091364,0,0.09491975757091364,0.1898395151418273,0.12029276870931133,Reverse
0.55,0.55,0.04434275334017816,0.04524026177882845,0.4164092884180112,0.4164092884180112,0.8328185768360225,0.09610743534014171,0,0.09610743534014171,0.19221487068028342,0.12194116138514915,Reverse
0.545,0.545,0.04524026177882845,0.046156195409600385,0.4151210476985527,0.4151210476985527,0.8302420953971054,0.09730032067341032,0,0.09730032067341032,0.19460064134682065,0.12360170919329422,Reverse
0.54,0.54,0.046156195409600385,0.04709129013719004,0.41381694532537217,0.41381694532537217,0.8276338906507443,0.0984985980389321,0,0.0984985980389321,0.1969971960778642,0.12527481921206562,Reverse
0.535,0.535,0.04709129013719004,0.04804632839331686,0.4124963745130838,0.4124963745130838,0.8249927490261676,0.09970246281086756,0,0.09970246281086756,0.19940492562173512,0.12696092258051556,Reverse
0.53,0.53,0.04804632839331686,0.049022143252838137,0.4111586900972618,0.4111586900972618,0.8223173801945236,0.10091212219865006,0,0.10091212219865006,0.20182424439730012,0.12866047655263824,Reverse
0.525,0.525,0.049022143252838137,0.05001962302467805,0.40980320509597673,0.40980320509597673,0.8196064101919535,0.1021277962810165,0,0.1021277962810165,0.204255592562033,0.13037396678336838,Reverse
0.52,0.52,0.05001962302467805,0.051039716385862535,0.40842918686746255,0.40842918686746255,0.8168583737349251,0.10334971915956408,0,0.10334971915956408,0.20669943831912815,0.13210190987921233,Reverse
0.515,0.515,0.051039716385862535,0.05208343813882371,0.40703585280458915,0.40703585280458915,0.8140717056091783,0.10457814024919873,0,0.10457814024919873,0.20915628049839746,0.13384485625199788,Reverse
0.51,0.51,0.05208343813882371,0.05315187568646192,0.40562236549624975,0.40562236549624975,0.8112447309924995,0.10581332572590979,0,0.10581332572590979,0.21162665145181958,0.13560339332103855,Reverse
0.505,0.505,0.05315187568646192,0.054246196336795983,0.40418782727298674,0.40418782727298674,0.8083756545459735,0.10705556015601408,0,0.10705556015601408,0.21411112031202817,0.13737814911723056,Reverse
0.5,0.5,0.054246196336795983,0.05536765557015794,0.40273127403861625,0.40273127403861625,0.8054625480772325,0.10830514833552357,0,0.10830514833552357,0.21661029667104714,0.13916979635260945,Reverse
0.495,0.495,0.05536765557015794,0.05651760642773809,0.4012516682705698,0.4012516682705698,0.8025033365411396,0.1095624173738022,0,0.1095624173738022,0.2191248347476044,0.14097905703112235,Reverse
0.49,0.49,0.05651760642773809,0.057697510212103974,0.3997478910482493,0.3997478910482493,0.7994957820964986,0.11082771906245178,0,0.11082771906245178,0.22165543812490357,0.14280670769139742,Reverse
0.485,0.485,0.057697510212103974,0.058908948729708706,0.39821873293970705,0.39821873293970705,0.7964374658794141,0.11210143257873988,0,0.11210143257873988,0.22420286515747975,0.14465358539087708,Reverse
0.48,0.48,0.058908948729708706,0.06015363835447823,0.39666288354086493,0.39666288354086493,0.7933257670817299,0.11338396758329848,0,0.11338396758329848,0.22676793516659696,0.14652059456379202,Reverse
0.47500000000000003,0.47500000000000003,0.06015363835447823,0.06143344625310421,0.39507891941624906,0.39507891941624906,0.7901578388324981,0.1146757677848638,0,0.1146757677848638,0.2293515355697276,0.14840871491439767,Reverse
0.47000000000000003,0.47000000000000003,0.06143344625310421,0.06275040919038427,0.3934652901331103,0.3934652901331103,0.7869305802662206,0.11597731506127099,0,0.11597731506127099,0.23195463012254197,0.15031901054339497,Reverse
0.465,0.465,0.06275040919038427,0.06410675543183,0.39182030200817264,0.39182030200817264,0.7836406040163453,0.1172891342468086,0,0.1172891342468086,0.2345782684936172,0.15225264055182475,Reverse
0.46,0.46,0.06410675543183,0.065504930387563165,0.3901420990931627,0.3901420990931627,0.7802841981863254,0.11861179872278511,0,0.11861179872278511,0.23722359744557023,0.15421087142611128,Reverse
0.455,0.455,0.065504930387563165,0.06694762680555813,0.38842864080490624,0.38842864080490624,0.7768572816098125,0.11994593698270865,0,0.11994593698270865,0.2398918739654173,0.1561950915846294,Reverse
0.45,0.45,0.06694762680555813,0.06843782053637278,0.3866776754487468,0.3866776754487468,0.7733553508974936,0.12129224038850141,0,0.12129224038850141,0.24258448077700281,0.1582068285661336,Reverse
0.445,0.445,0.06843782053637278,0.06997881317374578,0.38488670867713765,0.38488670867713765,0.7697734173542753,0.12265147239342855,0,0.12265147239342855,0.2453029447868571,0.16024776947197888,Reverse
0.44,0.44,0.06997881317374578,0.07157428325140942,0.38305296564974955,0.38305296564974955,0.7661059312994991,0.12402447958623668,0,0.12402447958623668,0.24804895917247335,0.16231978544909142,Reverse
0.435,0.435,0.07157428325140942,0.07322834818308893,0.3811733452903773,0.3811733452903773,0.7623466905807545,0.12541220501703337,0,0.12541220501703337,0.25082441003406675,0.16442496123615657,Reverse
0.43,0.43,0.07322834818308893,0.07494563982382199,0.3792443645299365,0.3792443645299365,0.758488729059873,0.12681570440987336,0,0.12681570440987336,0.2536314088197467,0.16656563111630507,Reverse
0.425,0.425,0.07494563982382199,0.07673139748643548,0.37726208972552544,0.37726208972552544,0.7545241794510509,0.12823616606640992,0,0.12823616606640992,0.25647233213281984,0.1687444230625137,Reverse
0.42,0.42,0.07673139748643548,0.07859158358809665,0.3752220514646751,0.3752220514646751,0.7504441029293502,0.1296749355443286,0,0.1296749355443286,0.2593498710886572,0.1709643134825532,Reverse
0.41500000000000004,0.41500000000000004,0.07859158358809665,0.08053302901426296,0.3731191375658802,0.3731191375658802,0.7462382751317604,0.13113354659200296,0,0.13113354659200296,0.26226709318400593,0.1732286958539766,Reverse
0.41000000000000003,0.41000000000000003,0.08053302901426296,0.08256361806339052,0.37094745705809745,0.37094745705809745,0.7418949141161949,0.13261376039721992,0,0.13261376039721992,0.26522752079443984,0.17554146782041463,Reverse
0.405,0.405,0.08256361806339052,0.084692526945423,0.36870016492048724,0.36870016492048724,0.7374003298409745,0.1341176160597578,0,0.1341176160597578,0.2682352321195156,0.17790714321360263,Reverse
0.4,0.4,0.084692526945423,0.08693053602578144,0.3663692328241798,0.3663692328241798,0.7327384656483596,0.13564749648464045,0,0.13564749648464045,0.2712949929692809,0.1803309983258588,Reverse
0.395,0.395,0.08693053602578144,0.08929044565053719,0.3639451440814213,0.3639451440814213,0.7278902881628426,0.1372062158855723,0,0.1372062158855723,0.2744124317711446,0.18281926618662014,Reverse
0.39,0.39,0.08929044565053719,0.09178764076462158,0.36141647979421027,0.36141647979421027,0.7228329595884205,0.13879713825992554,0,0.13879713825992554,0.2775942765198511,0.185379399646958,Reverse
0.385,0.385,0.09178764076462158,0.09444087483664161,0.3587693447520842,0.3587693447520842,0.7175386895041684,0.14042434140736018,0,0.14042434140736018,0.28084868281472036,0.1880204356591899,Reverse
0.38,0.38,0.09444087483664161,0.09727338677680457,0.35598655017555253,0.35598655017555253,0.7119731003511051,0.14209284994048546,0,0.14209284994048546,0.2841856998809709,0.19075351287209036,Reverse
0.375,0.375,0.09727338677680457,0.10031454137704048,0.3530464144469059,0.3530464144469059,0.7060928288938118,0.14380897650819488,0,0.14380897650819488,0.28761795301638976,0.1935926297291478,Reverse
0.37,0.37,0.10031454137704048,0.10360232754932576,0.3499209383502896,0.3499209383502896,0.6998418767005792,0.14558083990682236,0,0.14558083990682236,0.2911616798136447,0.19655579575009507,Reverse
0.365,0.365,0.10360232754932576,0.10718733406176559,0.34657290371611393,0.34657290371611393,0.6931458074322279,0.14741918713876526,0,0.14741918713876526,0.2948383742775305,0.19966685850600652,Reverse
0.36,0.36,0.10718733406176559,0.1111394320952382,0.34295100113368604,0.34295100113368604,0.6859020022673721,0.14933877096227902,0,0.14933877096227902,0.29867754192455803,0.20295856563738968,Reverse
0.355,0.355,0.1111394320952382,0.11555982098924546,0.3389810553976347,0.3389810553976347,0.6779621107952694,0.15136082536137166,0,0.15136082536137166,0.3027216507227433,0.2064780682154852,Reverse
0.35000000000000003,0.35000000000000003,0.11555982098924546,0.12060485760249513,0.33454868358152734,0.33454868358152734,0.6690973671630547,0.15351794723207743,0,0.15351794723207743,0.30703589446415486,0.21029777523445015,Reverse
0.34500000000000003,0.34500000000000003,0.12060485760249513,0.12653978442160482,0.329460231694917,0.329460231694917,0.658920463389834,0.1558650676341454,0,0.1558650676341454,0.3117301352682908,0.21453975218856114,Reverse
0.34,0.34,0.12653978442160482,0.13388685205960718,0.3233351891959237,0.3233351891959237,0.6466703783918474,0.15850959662447417,0,0.15850959662447417,0.31701919324894834,0.21944276954854552,Reverse
0.335,0.335,0.13388685205960718,0.14401443544854717,0.3151787694867721,0.3151787694867721,0.6303575389735442,0.16173087660276445,0,0.16173087660276445,0.3234617532055289,0.22562802557790856,Reverse
0.33,0.33,0.14401443544854717,0.16664886192815972,0.2979445010125889,0.2979445010125889,0.5958890020251778,0.16749480335808922,0,0.16749480335808922,0.33498960671617845,0.2374621360466625,Reverse
0.325,0.325,0.16664886192815972,0.6808071662974411,0.022609675408945738,0.022609675408945738,0.045219350817891475,0.2728634511752315,0,0.2728634511752315,0.545726902350463,0.2739734828846674,Reverse
0.32,0.32,0.6808071662974411,0.6815147664777871,0.02227482317127717,0.02227482317127717,0.04454964634255434,0.2750290123614682,0,0.2750290123614682,0.5500580247229364,0.2739355871796586,Reverse
0.315,0.315,0.6815147664777871,0.6822002055082346,0.021950486219229376,0.021950486219229376,0.04390097243845875,0.27719214223194183,0,0.27719214223194183,0.5543842844638837,0.27389882205330673,Reverse
0.31,0.31,0.6822002055082346,0.6828645802757844,0.021636142795623228,0.021636142795623228,0.043272285591246455,0.279352968117087,0,0.279352968117087,0.558705936234174,0.27386313413296914,Reverse
0.305,0.305,0.6828645802757844,0.6835089121484375,0.021331307143194846,0.021331307143194846,0.04266261428638969,0.2815116081829489,0,0.2815116081829489,0.5630232163658978,0.2738284735651728,Reverse
0.3,0.3,0.6835089121484375,0.6841341536808266,0.021035526302250637,0.021035526302250637,0.04207105260450127,0.2836681722729733,0,0.2836681722729733,0.5673363445459466,0.2737947937146721,Reverse
0.295,0.295,0.6841341536808266,0.6847411945902333,0.020748377257268455,0.020748377257268455,0.04149675451453691,0.285822762655834,0,0.285822762655834,0.571645525311668,0.27376205089522976,Reverse
0.29,0.29,0.6847411945902333,0.6853308670967552,0.020469464387549187,0.020469464387549187,0.040938928775098374,0.28797547469160856,0,0.28797547469160856,0.5759509493832171,0.2737302041281464,Reverse
0.28500000000000003,0.28500000000000003,0.6853308670967552,0.6859039507075354,0.02019841718366037,0.02019841718366037,0.04039683436732074,0.290126397426766,0,0.290126397426766,0.580252794853532,0.2736992149251438,Reverse
0.28,0.28,0.6859039507075354,0.6864611765134242,0.0199348881969449,0.0199348881969449,0.0398697763938898,0.2922756141268993,0,0.2922756141268993,0.5845512282537986,0.273669047092686,Reverse
0.275,0.275,0.6864611765134242,0.6870032310567753,0.019678551194000297,0.019678551194000297,0.039357102388000595,0.2944232027548483,0,0.2944232027548483,0.5888464055096966,0.2736396665552241,Reverse
0.27,0.27,0.6870032310567753,0.6875307598209537,0.019429099491927317,0.019429099491927317,0.03885819898385463,0.2965692364007885,0,0.2965692364007885,0.593138472801577,0.27361104119519164,Reverse
0.265,0.265,0.6875307598209537,0.6880443703852641,0.01918624445343354,0.01918624445343354,0.03837248890686708,0.2987137836699504,0,0.2987137836699504,0.5974275673399008,0.2735831407078688,Reverse
0.26,0.26,0.6880443703852641,0.6885446352832111,0.0189497141236592,0.0189497141236592,0.0378994282473184,0.30085690903287254,0,0.30085690903287254,0.6017138180657451,0.2735559364694705,Reverse
0.255,0.255,0.6885446352832111,0.6890320945970453,0.018719251992960644,0.018719251992960644,0.03743850398592129,0.30299867314243933,0,0.30299867314243933,0.6059973462848787,0.2735294014170334,Reverse
0.25,0.25,0.6890320945970453,0.6895072583173495,0.018494615871902487,0.018494615871902487,0.03698923174380497,0.30513913312140334,0,0.30513913312140334,0.6102782662428067,0.27350350993884553,Reverse
0.245,0.245,0.6895072583173495,0.6899706084928018,0.018275576866437875,0.018275576866437875,0.03655115373287575,0.30727834282361927,0,0.30727834282361927,0.6145566856472385,0.27347823777432245,Reverse
0.24,0.24,0.6899706084928018,0.690422601192161,0.01806191844273765,0.01806191844273765,0.0361238368854753,0.3094163530718124,0,0.3094163530718124,0.6188327061436248,0.2734535619223637,Reverse
0.23500000000000001,0.23500000000000001,0.690422601192161,0.6908636682978536,0.017853435572405235,0.017853435572405235,0.03570687114481047,0.3115532118743571,0,0.3115532118743571,0.6231064237487142,0.27342946055733586,Reverse
0.23,0.23,0.6908636682978536,0.6912942191482364,0.01764993394991602,0.01764993394991602,0.03529986789983204,0.3136889646232423,0,0.3136889646232423,0.6273779292464846,0.2734059129519315,Reverse
0.225,0.225,0.6912942191482364,0.6917146420436167,0.017451229275073962,0.017451229275073962,0.034902458550147925,0.31582365427514053,0,0.31582365427514053,0.6316473085502811,0.2733828994062354,Reverse
0.22,0.22,0.6917146420436167,0.6921253056293832,0.01725714659410555,0.01725714659410555,0.0345142931882111,0.3179573215172754,0,0.3179573215172754,0.6359146430345508,0.2733604011824057,Reverse
0.215,0.215,0.6921253056293832,0.6925265601680889,0.017067519693733064,0.017067519693733064,0.03413503938746613,0.3200900049195846,0,0.3200900049195846,0.6401800098391692,0.273338400444445,Reverse
0.21,0.21,0.6925265601680889,0.6929187387110199,0.016882190543196295,0.016882190543196295,0.03376438108639259,0.3222217410745114,0,0.3222217410745114,0.6444434821490228,0.2733168802025875,Reverse
0.20500000000000002,0.20500000000000002,0.6929187387110199,0.6933021581786254,0.016701008779743662,0.016701008779743662,0.033402017559487324,0.32435256472560187,0,0.32435256472560187,0.6487051294512037,0.27329582426188725,Reverse
0.2,0.2,0.6933021581786254,0.6936771203581834,0.016523831233593755,0.016523831233593755,0.03304766246718751,0.3264825088859637,0,0.3264825088859637,0.6529650177719274,0.2732752171746291,Reverse
0.195,0.195,0.6936771203581834,0.6940439128261888,0.016350521488793162,0.016350521488793162,0.032701042977586324,0.32861160494752434,0,0.32861160494752434,0.6572232098950487,0.2732550441962248,Reverse
0.19,0.19,0.6940439128261888,0.6944028098021676,0.016180949476768746,0.016180949476768746,0.03236189895353749,0.3307398827819264,0,0.3307398827819264,0.6614797655638528,0.2732352912442949,Reverse
0.185,0.185,0.6944028098021676,0.6947540729399373,0.01601499109970104,0.01601499109970104,0.03202998219940208,0.3328673708338144,0,0.3328673708338144,0.6657347416676288,0.2732159448606606,Reverse
0.18,0.18,0.6947540729399373,0.6950979520617221,0.015852527881137175,0.015852527881137175,0.03170505576227435,0.33499409620718335,0,0.33499409620718335,0.6699881924143667,0.2731969921760036,Reverse
0.17500000000000002,0.17500000000000002,0.6950979520617221,0.6954346858399948,0.015693446641517804,0.015693446641517804,0.03138689328303561,0.33712008474539845,0,0.33712008474539845,0.6742401694907969,0.27317842087696964,Reverse
0.17,0.17,0.6954346858399948,0.6957645024314372,0.015537639196522473,0.015537639196522473,0.031075278393044945,0.3392453611054276,0,0.3392453611054276,0.6784907222108552,0.2731602191755179,Reverse
0.165,0.165,0.6957645024314372,0.6960876200669877,0.015385002076339815,0.015385002076339815,0.03077000415267963,0.3413699488267801,0,0.3413699488267801,0.6827398976535602,0.27314237578033274,Reverse
0.16,0.16,0.6960876200669877,0.6964042476015632,0.015235436264150406,0.015235436264150406,0.030470872528300812,0.34349387039559365,0,0.34349387039559365,0.6869877407911873,0.273124879870136,Reverse
0.155,0.155,0.6964042476015632,0.696714585026709,0.015088846952271457,0.015088846952271457,0.030177693904542915,0.34561714730427046,0,0.34561714730427046,0.6912342946085409,0.27310772106874803,Reverse
0.15,0.15,0.696714585026709,0.6970188239491236,0.014945143314556382,0.014945143314556382,0.029890286629112764,0.34773980010702626,0,0.34773980010702626,0.6954796002140525,0.2730908894217636,Reverse
0.145,0.145,0.6970188239491236,0.6973171480377383,0.014804238293771602,0.014804238293771602,0.029608476587543203,0.3498618484716796,0,0.3498618484716796,0.6997236969433592,0.27307437537471857,Reverse
0.14,0.14,0.6973171480377383,0.6976097334417884,0.01466604840278853,0.01466604840278853,0.02933209680557706,0.3519833112279811,0,0.3519833112279811,0.7039666224559622,0.2730581697526345,Reverse
0.135,0.135,0.6976097334417884,0.6978967491820977,0.014530493538532143,0.014530493538532143,0.029060987077064285,0.3541042064127541,0,0.3541042064127541,0.7082084128255082,0.27304226374083806,Reverse
0.13,0.13,0.6978967491820977,0.6981783575175936,0.01439749680772174,0.01439749680772174,0.02879499361544348,0.35622455131209163,0,0.35622455131209163,0.7124491026241833,0.27302664886696293,Reverse
0.125,0.125,0.6981783575175936,0.6984547142889098,0.014266984363522283,0.014266984363522283,0.028533968727044567,0.35834436250083856,0,0.35834436250083856,0.7166887250016771,0.27301131698404557,Reverse
0.12,0.12,0.6984547142889098,0.6987259692407572,0.014138885252301869,0.014138885252301869,0.028277770504603738,0.36046365587955964,0,0.36046365587955964,0.7209273117591193,0.27299626025463897,Reverse
0.115,0.115,0.6987259692407572,0.698992266324614,0.014013131269757978,0.014013131269757978,0.028026262539515956,0.36258244670918477,0,0.36258244670918477,0.7251648934183695,0.27298147113587,Reverse
0.11,0.11,0.698992266324614,0.6992537439831489,0.013889656825737971,0.013889656825737971,0.027779313651475943,0.36470074964350047,0,0.36470074964350047,0.7294014992870009,0.2729669423653752,Reverse
0.105,0.105,0.6992537439831489,0.6995105354176774,0.01376839881713467,0.01376839881713467,0.02753679763426934,0.3668185787596461,0,0.3668185787596461,0.7336371575192921,0.2729526669480533,Reverse
0.1,0.1,0.6995105354176774,0.6997627688398425,0.013649296508288864,0.013649296508288864,0.027298593016577728,0.3689359475867572,0,0.3689359475867572,0.7378718951735144,0.27293863814357977,Reverse
0.095,0.095,0.6997627688398425,0.7000105677086171,0.013532291418376507,0.013532291418376507,0.027064582836753014,0.3710528691328893,0,0.3710528691328893,0.7421057382657786,0.2729248494546298,Reverse
0.09,0.09,0.7000105677086171,0.700254050953635,0.013417327215300196,0.013417327215300196,0.02683465443060039,0.3731693559103421,0,0.3731693559103421,0.7463387118206842,0.2729112946157646,Reverse
0.085,0.085,0.700254050953635,0.7004933331857809,0.013304349615642502,0.013304349615642502,0.026608699231285005,0.3752854199594966,0,0.3752854199594966,0.7505708399189932,0.27289796758293405,Reverse
0.08,0.08,0.7004933331857809,0.7007285248958947,0.013193306290273484,0.013193306290273484,0.02638661258054697,0.3774010728712667,0,0.3774010728712667,0.7548021457425333,0.27288486252355837,Reverse
0.075,0.075,0.7007285248958947,0.7009597326423789,0.01308414677523613,0.01308414677523613,0.02616829355047226,0.3795163258082599,0,0.3795163258082599,0.7590326516165198,0.2728719738071489,Reverse
0.07,0.07,0.7009597326423789,0.7011870592284403,0.01297682238756235,0.01297682238756235,0.0259536447751247,0.38163118952473457,0,0.38163118952473457,0.7632623790494691,0.272859295996435,Reverse
0.065,0.065,0.7011870592284403,0.7014106038696399,0.012871286145698395,0.012871286145698395,0.02574257229139679,0.3837456743854338,0,0.3837456743854338,0.7674913487708676,0.2728468238389633,Reverse
0.06,0.06,0.7014106038696399,0.7016304623523731,0.012767492694242741,0.012767492694242741,0.025534985388485483,0.38585979038336893,0,0.38585979038336893,0.7717195807667379,0.2728345522591413,Reverse
0.055,0.055,0.7016304623523731,0.701846727183861,0.012665398232721326,0.012665398232721326,0.025330796465442652,0.38797354715662435,0,0.38797354715662435,0.7759470943132487,0.27282247635069634,Reverse
0.05,0.05,0.701846727183861,0.7020594877341838,0.012564960448145469,0.012564960448145469,0.025129920896290937,0.3900869540042421,0,0.3900869540042421,0.7801739080084842,0.27281059136952523,Reverse
0.045,0.045,0.7020594877341838,0.7022688303708582,0.012466138451115858,0.012466138451115858,0.024932276902231716,0.39220001990125064,0,0.39220001990125064,0.7844000398025013,0.27279889272691005,Reverse
0.04,0.04,0.7022688303708582,0.7024748385864142,0.012368892715253606,0.012368892715253606,0.02473778543050721,0.394312753512887,0,0.394312753512887,0.788625507025774,0.27278737598307856,Reverse
0.035,0.035,0.7024748385864142,0.702677593119403,0.012273185019754319,0.012273185019754319,0.024546370039508637,0.3964251632080669,0,0.3964251632080669,0.7928503264161338,0.2727760368410883,Reverse
0.03,0.03,0.702677593119403,0.702877172069233,0.012178978394875972,0.012178978394875972,0.024357956789751944,0.3985372570721466,0,0.3985372570721466,0.7970745141442932,0.2727648711410151,Reverse
0.025,0.025,0.702877172069233,0.7030736510052028,0.012086237070184292,0.012086237070184292,0.024172474140368584,0.4006490429190216,0,0.4006490429190216,0.8012980858380432,0.2727538748544286,Reverse
0.02,0.02,0.7030736510052028,0.7032671030700784,0.011994926425391753,0.011994926425391753,0.023989852850783505,0.4027605283026028,0,0.4027605283026028,0.8055210566052056,0.2727430440791381,Reverse
0.015,0.015,0.7032671030700784,0.7034575990785339,0.011905012943637168,0.011905012943637168,0.023810025887274336,0.40487172052770654,0,0.40487172052770654,0.8097434410554131,0.2727323750341918,Reverse
0.01,0.01,0.7034575990785339,0.7036452076107548,0.01181646416706373,0.01181646416706373,0.02363292833412746,0.4069826266603939,0,0.4069826266603939,0.8139652533207878,0.2727218640551178,Reverse
0.005,0.005,0.7036452076107548,0.7038299951014855,0.011729248654562274,0.011729248654562274,0.023458497309124547,0.40909325353779313,0,0.40909325353779313,0.8181865070755863,0.27271150758939,Reverse
0,0,0.7038299951014855,0.7040120259247797,0.011643335941555939,0.011643335941555939,0.023286671883111877,0.41120360777743364,0,0.41120360777743364,0.8224072155548673,0.2727013021921084,Reverse
